ID,userID,carreraID,materiaID,cursado,FechaRegular,epoch,habilitado
140,506,3,18,libre,,1594656293,no
141,506,3,2,libre,,1594656293,no
201,531,4,40,regular,,1594665379,no
208,524,3,2,libre,,1594666860,no
209,524,3,14,regular,,1594666860,no
210,524,3,16,regular,,1594666860,no
211,524,3,27,libre,,1594666860,no
241,529,4,33,regular,2019-11-30,1594678409,no
352,533,3,26,regular,,1594766927,no
458,243,3,17,regular,,1594915910,no
459,243,3,6,regular,,1594915910,no
460,243,3,8,regular,,1594915910,no
461,243,3,13,regular,,1594915910,no
462,243,3,20,regular,,1594915910,no
463,243,3,25,regular,,1594915910,no
478,317,4,43,libre,,1594940688,no
479,317,4,47,libre,,1594940688,no
565,313,4,38,regular,,1595026488,no
597,102,3,24,regular,2020-08-11,1597145277,no
600,427,3,14,libre,,1597146226,no
695,515,3,15,regular,,1597189100,no
702,523,3,12,libre,,1597197872,no
719,527,3,14,regular,,1597243170,no
744,65,4,43,libre,2020-08-13,1597254025,no
773,525,4,30,regular,,1605495405,no
774,525,4,29,regular,,1605495405,no
775,525,4,32,regular,,1605495405,no
867,517,3,15,regular,2018-11-01,1605525141,no
868,517,3,6,regular,2020-10-27,1605525141,no
869,517,3,2,regular,2020-11-05,1605525141,no
870,517,3,4,regular,2020-11-09,1605525141,no
871,517,3,7,regular,2020-10-26,1605525141,no
872,517,3,12,regular,2020-11-06,1605525141,no
873,517,3,14,regular,2020-11-12,1605525141,no
874,517,3,16,regular,2020-10-27,1605525141,no
875,517,3,26,regular,2020-10-28,1605525141,no
876,517,3,27,regular,2020-10-29,1605525141,no
877,328,3,6,regular,2020-10-28,1605525199,no
878,328,3,13,regular,2020-11-10,1605525199,no
879,328,3,18,regular,2020-11-11,1605525199,no
880,328,3,2,libre,,1605525199,no
881,328,3,4,regular,2020-11-14,1605525199,no
882,328,3,7,libre,,1605525199,no
883,328,3,12,libre,,1605525199,no
884,328,3,14,regular,2020-11-15,1605525199,no
885,328,3,21,regular,2020-11-14,1605525199,no
886,328,3,26,libre,,1605525199,no
887,328,3,27,regular,2020-10-29,1605525199,no
1059,220,3,2,regular,2020-11-06,1605530415,no
1060,220,3,4,regular,2020-11-14,1605530415,no
1061,220,3,7,regular,2020-11-09,1605530415,no
1062,220,3,12,regular,2020-11-08,1605530415,no
1063,220,3,14,regular,2020-11-15,1605530415,no
1064,220,3,16,regular,2020-11-04,1605530415,no
1065,220,3,26,regular,2020-11-12,1605530415,no
1066,220,3,27,regular,2020-10-30,1605530415,no
1151,253,3,2,regular,,1605532624,no
1152,253,3,4,regular,,1605532624,no
1153,253,3,7,regular,,1605532624,no
1154,253,3,12,regular,,1605532624,no
1155,253,3,14,regular,,1605532624,no
1156,253,3,16,regular,,1605532624,no
1157,253,3,21,regular,,1605532624,no
1158,253,3,27,regular,,1605532624,no
1223,131,4,30,regular,,1605533073,no
1224,131,4,36,regular,,1605533073,no
1225,131,4,39,regular,,1605533073,no
1226,131,4,43,regular,,1605533073,no
1227,131,4,45,regular,,1605533073,no
1228,131,4,46,regular,,1605533073,no
1229,131,4,47,regular,,1605533073,no
1230,131,4,48,regular,,1605533073,no
1418,383,3,18,regular,2020-10-26,1605534062,no
1419,383,3,2,libre,,1605534062,no
1420,383,3,7,regular,,1605534062,no
1439,126,4,30,regular,,1605534382,no
1440,126,4,36,libre,,1605534382,no
1441,126,4,39,regular,,1605534382,no
1442,126,4,43,libre,,1605534382,no
1443,126,4,45,regular,,1605534382,no
1444,126,4,46,regular,,1605534382,no
1445,126,4,47,regular,,1605534382,no
1446,126,4,48,regular,,1605534382,no
1447,126,4,51,regular,,1605534382,no
1543,675,3,5,regular,,1605535712,no
1544,675,3,9,regular,,1605535712,no
1545,675,3,10,regular,,1605535712,no
1546,675,3,11,regular,,1605535712,no
1547,675,3,15,regular,,1605535712,no
1548,675,3,17,libre,,1605535712,no
1549,675,3,24,libre,,1605535712,no
1550,675,3,28,regular,,1605535712,no
1558,530,3,24,regular,,1605536128,no
1604,343,3,2,regular,,1605536903,no
1605,343,3,4,regular,,1605536903,no
1606,343,3,7,regular,,1605536903,no
1607,343,3,12,regular,,1605536903,no
1608,343,3,14,regular,,1605536903,no
1609,343,3,16,regular,,1605536903,no
1610,343,3,21,regular,,1605536904,no
1611,343,3,27,regular,,1605536904,no
1622,465,4,30,regular,,1605537015,no
1623,465,4,36,libre,,1605537016,no
1624,465,4,39,regular,,1605537016,no
1625,465,4,43,libre,,1605537016,no
1626,465,4,45,regular,,1605537016,no
1627,465,4,46,libre,,1605537016,no
1628,465,4,47,regular,,1605537016,no
1629,465,4,48,regular,,1605537016,no
1630,465,4,51,regular,,1605537016,no
1702,123,3,5,regular,,1605538342,no
1703,123,3,9,libre,,1605538342,no
1704,123,3,10,regular,,1605538342,no
1705,123,3,11,regular,,1605538342,no
1706,123,3,15,regular,,1605538342,no
1707,123,3,17,regular,,1605538342,no
1708,123,3,19,regular,,1605538342,no
1709,123,3,24,regular,,1605538342,no
1710,123,3,28,regular,,1605538342,no
1740,342,3,3,libre,,1605539195,no
1741,342,3,8,regular,,1605539195,no
1742,342,3,18,regular,,1605539195,no
1743,342,3,2,regular,,1605539195,no
1744,342,3,4,regular,,1605539195,no
1745,342,3,7,regular,,1605539195,no
1746,342,3,12,regular,,1605539195,no
1747,342,3,14,regular,,1605539195,no
1748,342,3,16,regular,,1605539195,no
1749,342,3,21,regular,,1605539195,no
1750,342,3,26,regular,,1605539195,no
1751,342,3,27,regular,,1605539195,no
1916,682,3,5,regular,,1605540682,no
1917,682,3,9,regular,,1605540682,no
1918,682,3,10,regular,,1605540682,no
1919,682,3,11,regular,,1605540682,no
1920,682,3,15,regular,,1605540682,no
1921,682,3,17,regular,,1605540682,no
1922,682,3,19,regular,,1605540682,no
1923,682,3,24,regular,,1605540682,no
1924,682,3,28,regular,,1605540682,no
1959,681,3,2,libre,2020-11-25,1605542223,no
1960,231,3,2,regular,,1605542427,no
1961,231,3,4,regular,,1605542428,no
1962,231,3,7,regular,,1605542428,no
1963,231,3,12,regular,,1605542428,no
1964,231,3,14,regular,,1605542428,no
1965,231,3,16,regular,,1605542428,no
1966,231,3,21,regular,,1605542428,no
1967,231,3,26,regular,,1605542428,no
1968,231,3,27,regular,,1605542428,no
1969,679,4,29,regular,,1605542563,no
1970,679,4,31,regular,,1605542563,no
1971,679,4,34,regular,,1605542563,no
1972,679,4,37,regular,,1605542563,no
1973,679,4,38,regular,,1605542563,no
1974,679,4,49,regular,,1605542563,no
1975,679,4,52,regular,,1605542563,no
2051,227,3,18,libre,,1605544838,no
2052,227,3,25,regular,,1605544838,no
2053,227,3,2,regular,,1605544838,no
2054,227,3,4,regular,,1605544838,no
2055,227,3,7,regular,,1605544838,no
2056,227,3,12,regular,,1605544838,no
2057,227,3,14,regular,,1605544838,no
2058,227,3,16,regular,,1605544838,no
2059,227,3,26,regular,,1605544839,no
2060,227,3,27,regular,,1605544839,no
2131,444,3,2,regular,,1605546469,no
2132,444,3,4,regular,,1605546469,no
2133,444,3,7,regular,,1605546469,no
2134,444,3,12,regular,,1605546469,no
2135,444,3,14,regular,,1605546469,no
2136,444,3,16,regular,,1605546469,no
2137,444,3,21,regular,,1605546469,no
2138,444,3,26,regular,,1605546469,no
2139,444,3,27,regular,,1605546469,no
2178,336,4,30,regular,,1605547736,no
2179,336,4,39,regular,,1605547736,no
2180,336,4,43,regular,,1605547736,no
2181,336,4,45,regular,,1605547736,no
2182,336,4,46,regular,,1605547736,no
2183,336,4,47,regular,,1605547736,no
2184,336,4,48,regular,,1605547736,no
2185,336,4,51,regular,,1605547736,no
2272,65,3,11,regular,,1605548665,no
2273,65,3,15,regular,,1605548665,no
2274,65,3,17,regular,,1605548665,no
2275,65,3,19,regular,,1605548665,no
2276,65,3,24,regular,,1605548665,no
2282,251,3,2,regular,2020-11-16,1605548746,no
2283,251,3,4,regular,2020-11-16,1605548746,no
2284,251,3,12,regular,2020-11-16,1605548746,no
2285,251,3,14,regular,2020-11-16,1605548746,no
2286,251,3,27,regular,2020-11-16,1605548746,no
2359,468,4,30,regular,,1605551372,no
2360,468,4,36,regular,,1605551372,no
2361,468,4,39,regular,,1605551372,no
2362,468,4,43,regular,,1605551372,no
2363,468,4,45,regular,,1605551372,no
2364,468,4,46,regular,,1605551372,no
2365,468,4,47,regular,,1605551372,no
2366,468,4,48,regular,,1605551372,no
2367,468,4,51,regular,,1605551372,no
2389,401,3,2,libre,,1605553235,no
2390,401,3,12,regular,,1605553235,no
2391,401,3,14,libre,,1605553235,no
2392,401,3,27,regular,,1605553235,no
2465,522,3,18,regular,,1605554203,no
2466,522,3,2,regular,,1605554203,no
2482,532,3,18,libre,,1605554992,no
2483,532,3,2,libre,,1605554992,no
2484,532,3,4,libre,,1605554992,no
2485,532,3,7,libre,,1605554992,no
2486,532,3,27,libre,,1605554992,no
2593,282,4,32,regular,,1605561999,no
2594,282,4,33,regular,,1605561999,no
2595,282,4,35,regular,,1605561999,no
2596,282,4,40,regular,,1605561999,no
2597,282,4,42,regular,,1605561999,no
2598,282,4,50,regular,,1605561999,no
2599,282,4,53,regular,,1605561999,no
2600,282,4,54,regular,,1605561999,no
2601,282,4,55,regular,,1605561999,no
2602,282,4,56,regular,,1605561999,no
2627,542,3,4,regular,,1605562522,no
2634,171,3,5,libre,,1605563887,no
2635,171,3,9,libre,,1605563887,no
2636,171,3,10,libre,,1605563887,no
2637,171,3,11,libre,,1605563887,no
2638,171,3,15,libre,,1605563887,no
2639,171,3,17,libre,,1605563887,no
2640,171,3,24,regular,,1605563887,no
2641,171,3,28,libre,,1605563887,no
2642,124,4,30,regular,2020-10-26,1605566799,no
2643,124,4,36,regular,2020-11-17,1605566799,no
2644,124,4,39,libre,,1605566799,no
2645,124,4,43,libre,,1605566799,no
2646,124,4,45,regular,2020-10-26,1605566799,no
2647,124,4,46,regular,2020-11-10,1605566799,no
2648,124,4,47,regular,2020-11-12,1605566799,no
2649,124,4,48,regular,2020-10-26,1605566799,no
2753,445,4,44,libre,,1605569569,no
2754,445,4,49,regular,2020-11-04,1605569569,no
2755,445,4,52,regular,2020-11-04,1605569569,no
2816,441,4,30,regular,,1605573965,no
2817,441,4,39,libre,,1605573965,no
2818,441,4,43,libre,,1605573965,no
2819,441,4,45,libre,,1605573965,no
2871,210,3,5,regular,2020-11-16,1605578017,no
2872,210,3,9,regular,,1605578017,no
2873,210,3,10,regular,,1605578017,no
2874,210,3,11,regular,,1605578017,no
2875,210,3,15,regular,,1605578017,no
2876,210,3,17,regular,,1605578017,no
2877,210,3,24,regular,,1605578017,no
2878,210,3,28,regular,,1605578017,no
3041,421,4,47,regular,,1605623357,no
3042,421,4,32,regular,,1605623358,no
3043,421,4,33,regular,,1605623358,no
3044,421,4,35,regular,,1605623358,no
3045,421,4,40,regular,,1605623358,no
3046,421,4,42,regular,,1605623358,no
3047,421,4,50,regular,,1605623358,no
3048,421,4,53,regular,,1605623358,no
3049,421,4,54,regular,,1605623358,no
3050,421,4,56,regular,,1605623358,no
3057,344,3,2,regular,,1605626116,no
3058,344,3,4,regular,,1605626116,no
3059,344,3,7,regular,,1605626116,no
3060,344,3,12,regular,,1605626116,no
3061,344,3,14,regular,,1605626116,no
3062,344,3,16,regular,,1605626116,no
3063,344,3,21,regular,,1605626116,no
3064,344,3,26,regular,,1605626116,no
3065,344,3,27,regular,,1605626116,no
3131,496,3,10,regular,,1605633102,no
3132,496,3,24,regular,,1605633102,no
3137,164,4,43,regular,,1605633289,no
3138,164,4,34,regular,,1605633289,no
3139,164,4,38,regular,,1605633289,no
3140,164,4,49,regular,,1605633289,no
3144,176,3,9,libre,,1605635474,no
3145,176,3,11,libre,,1605635474,no
3146,176,3,28,libre,,1605635474,no
3147,341,3,3,regular,2020-10-28,1605636253,no
3148,341,3,13,regular,2020-11-04,1605636253,no
3149,341,3,23,regular,,1605636253,no
3150,341,3,7,regular,2020-10-26,1605636253,no
3151,341,3,26,libre,,1605636253,no
3152,341,3,27,regular,2020-10-30,1605636253,no
3153,141,3,24,regular,2020-11-14,1605637195,no
3154,277,4,30,regular,,1605638275,no
3155,277,4,39,regular,,1605638275,no
3156,277,4,43,regular,,1605638275,no
3157,277,4,45,regular,,1605638275,no
3158,277,4,47,regular,,1605638275,no
3159,277,4,48,regular,2020-11-17,1605638275,no
3160,277,4,51,regular,2020-11-17,1605638275,no
3177,232,3,2,regular,,1605641219,no
3178,232,3,4,regular,,1605641219,no
3179,232,3,7,regular,,1605641219,no
3180,232,3,12,regular,,1605641219,no
3181,232,3,14,regular,,1605641219,no
3182,232,3,16,regular,,1605641219,no
3183,232,3,21,regular,,1605641219,no
3184,232,3,26,regular,,1605641219,no
3185,232,3,27,regular,,1605641219,no
3186,226,3,2,regular,2020-11-05,1605641722,no
3187,226,3,4,regular,2020-11-09,1605641722,no
3188,226,3,7,regular,2020-11-09,1605641722,no
3189,226,3,12,regular,2020-11-13,1605641722,no
3190,226,3,14,regular,2020-11-12,1605641722,no
3191,226,3,16,regular,2020-10-27,1605641722,no
3192,226,3,21,regular,,1605641722,no
3193,226,3,26,regular,2020-10-28,1605641722,no
3194,226,3,27,regular,2020-10-29,1605641722,no
3216,402,3,5,libre,,1605648981,no
3217,402,3,9,libre,,1605648981,no
3218,402,3,10,libre,,1605648981,no
3219,402,3,11,libre,,1605648981,no
3220,402,3,17,libre,,1605648981,no
3333,107,3,5,regular,,1605660983,no
3334,107,3,9,regular,,1605660983,no
3335,107,3,11,regular,,1605660983,no
3360,209,3,5,regular,,1605662486,no
3361,209,3,9,regular,,1605662486,no
3362,209,3,10,regular,,1605662486,no
3363,209,3,11,regular,,1605662486,no
3364,209,3,15,regular,,1605662486,no
3365,209,3,28,regular,,1605662486,no
3507,390,4,29,regular,,1605727236,no
3508,390,4,31,regular,,1605727236,no
3509,390,4,34,regular,,1605727236,no
3510,390,4,49,regular,,1605727236,no
3511,390,4,52,regular,,1605727236,no
3512,626,4,30,regular,,1605728445,no
3513,626,4,36,regular,,1605728445,no
3514,626,4,39,regular,,1605728445,no
3515,626,4,43,regular,,1605728445,no
3516,626,4,45,regular,,1605728445,no
3517,626,4,46,regular,,1605728445,no
3518,626,4,47,regular,,1605728445,no
3519,626,4,51,regular,,1605728445,no
3547,454,4,39,libre,,1605729906,no
3548,454,4,43,libre,,1605729906,no
3549,454,4,29,libre,,1605729906,no
3550,454,4,31,libre,,1605729906,no
3551,454,4,34,libre,,1605729906,no
3552,454,4,41,libre,,1605729906,no
3553,454,4,49,regular,,1605729906,no
3554,497,3,6,libre,,1605731879,no
3555,497,3,22,libre,,1605731879,no
3556,497,3,7,regular,,1605731879,no
3557,497,3,12,libre,,1605731879,no
3558,686,4,41,regular,2020-12-03,1605733867,no
3559,686,4,33,regular,2020-12-09,1605733867,no
3560,686,4,40,regular,2020-11-30,1605733867,no
3561,686,4,56,regular,2020-12-04,1605733867,no
3640,625,4,30,regular,,1605744389,no
3641,625,4,36,regular,,1605744389,no
3642,625,4,39,regular,,1605744389,no
3643,625,4,43,libre,,1605744389,no
3644,625,4,45,regular,,1605744389,no
3645,625,4,46,regular,,1605744389,no
3646,625,4,47,libre,,1605744389,no
3647,625,4,48,regular,,1605744389,no
3648,266,3,3,regular,,1605747412,no
3649,266,3,6,regular,,1605747412,no
3650,266,3,8,regular,,1605747412,no
3651,266,3,13,regular,,1605747412,no
3652,266,3,20,regular,,1605747412,no
3653,266,3,23,regular,,1605747412,no
3654,266,3,25,regular,,1605747412,no
3696,299,4,55,regular,,1613393894,no
3709,368,4,36,regular,2021-02-25,1613399387,no
3736,215,3,3,regular,,1613399918,no
3737,215,3,13,libre,,1613399918,no
3738,215,3,18,libre,,1613399918,no
3739,215,3,22,libre,,1613399918,no
3763,89,3,15,libre,,1613400404,no
3764,89,3,17,libre,,1613400404,no
3765,89,3,28,libre,,1613400404,no
3766,89,3,3,libre,,1613400404,no
3767,89,3,6,regular,,1613400404,no
3768,89,3,13,libre,,1613400404,no
3769,89,3,18,libre,,1613400404,no
3770,89,3,22,libre,,1613400404,no
3771,89,3,23,regular,,1613400404,no
3772,145,3,24,regular,,1613400435,no
3781,256,3,14,regular,,1613401333,no
3782,369,3,6,libre,,1613401358,no
3783,369,3,2,libre,,1613401358,no
3784,369,3,7,libre,,1613401358,no
3785,369,3,12,libre,,1613401358,no
3786,369,3,14,libre,,1613401358,no
3787,369,3,16,regular,2020-12-15,1613401358,no
3788,369,3,27,libre,,1613401358,no
3794,320,4,33,libre,,1613401758,no
3795,320,4,55,regular,,1613401758,no
3827,228,3,5,libre,,1613406161,no
3828,228,3,6,libre,,1613406161,no
3829,228,3,7,libre,,1613406161,no
3881,316,4,55,regular,,1613416492,no
3963,466,3,15,regular,,1613491609,no
3964,466,3,28,regular,,1613491609,no
3968,684,4,32,regular,,1613493198,no
3969,684,4,53,regular,,1613493198,no
3993,281,3,18,libre,2021-02-22,1613503264,no
3994,281,3,22,libre,2021-02-25,1613503264,no
4002,385,3,11,libre,,1613508781,no
4003,385,3,17,libre,,1613508781,no
4004,385,3,3,regular,2020-11-03,1613508781,no
4005,385,3,23,libre,,1613508781,no
4036,121,4,30,regular,,1613515925,no
4037,121,4,43,regular,,1613515925,no
4038,121,4,47,regular,,1613515925,no
4055,494,3,6,libre,,1613524041,no
4056,494,3,25,regular,,1613524042,no
4057,494,3,2,libre,,1613524042,no
4058,494,3,4,regular,,1613524042,no
4059,494,3,7,libre,,1613524042,no
4060,494,3,12,regular,,1613524042,no
4061,494,3,14,libre,,1613524042,no
4062,494,3,16,libre,,1613524042,no
4063,494,3,26,libre,,1613524042,no
4064,494,3,27,libre,,1613524042,no
4069,467,3,5,regular,,1613524607,no
4070,467,3,9,regular,,1613524607,no
4071,467,3,10,regular,,1613524607,no
4072,467,3,11,libre,,1613524607,no
4073,467,3,15,libre,,1613524607,no
4074,467,3,17,libre,,1613524607,no
4075,467,3,19,regular,,1613524607,no
4076,467,3,24,libre,,1613524607,no
4077,467,3,28,regular,,1613524607,no
4078,487,3,6,regular,,1613524914,no
4079,487,3,25,regular,,1613524914,no
4080,487,3,4,regular,,1613524914,no
4081,487,3,12,regular,,1613524914,no
4082,487,3,26,regular,,1613524914,no
4083,487,3,27,regular,,1613524914,no
4094,297,3,9,libre,,1613531639,no
4095,297,3,28,libre,,1613531639,no
4096,297,3,18,libre,,1613531639,no
4097,671,4,39,libre,2021-02-23,1613534886,no
4126,157,3,5,regular,,1613571665,no
4127,157,3,15,regular,,1613571665,no
4128,157,3,17,regular,,1613571665,no
4129,157,3,24,regular,,1613571665,no
4130,157,3,28,regular,,1613571665,no
4139,296,3,14,regular,2020-11-30,1613574404,no
4142,312,3,2,regular,,1613577310,no
4143,312,3,12,regular,,1613577310,no
4144,312,3,14,regular,,1613577310,no
4145,312,3,21,regular,,1613577310,no
4146,312,3,27,regular,,1613577310,no
4150,319,4,45,libre,,1613578182,no
4151,319,4,31,libre,,1613578182,no
4156,352,3,5,libre,,1613583210,no
4157,352,3,6,libre,,1613583210,no
4158,352,3,18,libre,,1613583210,no
4159,352,3,20,libre,,1613583210,no
4160,352,3,2,libre,,1613583210,no
4161,352,3,7,libre,,1613583210,no
4162,352,3,12,libre,,1613583210,no
4163,352,3,14,libre,,1613583210,no
4164,352,3,21,libre,,1613583210,no
4165,352,3,27,libre,,1613583210,no
4170,770,4,55,libre,2017-11-30,1613588607,no
4171,510,3,2,libre,,1613588816,no
4172,510,3,12,libre,,1613588816,no
4173,510,3,14,libre,,1613588816,no
4181,366,3,5,libre,,1613592917,no
4182,366,3,24,regular,,1613592917,no
4183,366,3,28,regular,,1613592917,no
4184,366,3,13,libre,,1613592917,no
4213,463,3,15,regular,,1613596639,no
4214,463,3,13,regular,,1613596639,no
4215,463,3,22,regular,,1613596639,no
4226,291,3,3,libre,,1613599402,no
4228,303,4,55,regular,,1613600685,no
4237,443,3,10,regular,,1613605501,no
4238,443,3,15,regular,,1613605501,no
4239,443,3,24,regular,,1613605501,no
4240,443,3,28,regular,,1613605501,no
4249,359,3,24,regular,,1613605774,no
4250,359,3,28,regular,,1613605774,no
4251,138,3,15,regular,,1613605813,no
4252,138,3,24,regular,,1613605813,no
4253,495,3,26,regular,,1613605876,no
4254,410,4,55,regular,2021-02-17,1613606027,no
4294,525,3,5,regular,,1625116165,no
4295,525,3,3,regular,,1625116165,no
4296,525,3,26,regular,,1625116165,no
4367,286,4,33,libre,,1625167251,no
4368,169,4,45,regular,2020-11-30,1625167509,no
4377,287,4,33,libre,,1625167976,no
4416,507,3,18,libre,,1625222109,no
4430,110,3,15,regular,,1625239052,no
4431,110,3,24,regular,,1625239052,no
4432,110,3,6,libre,,1625239052,no
4433,110,3,22,libre,,1625239052,no
4459,534,3,11,libre,,1625248964,no
4460,534,3,3,libre,,1625248964,no
4461,534,3,6,libre,,1625248964,no
4462,534,3,8,libre,,1625248964,no
4463,534,3,23,libre,,1625248964,no
4465,485,3,11,libre,,1625259850,no
4466,485,3,3,libre,,1625259850,no
4467,485,3,6,libre,,1625259850,no
4468,485,3,8,libre,,1625259850,no
4469,485,3,23,libre,,1625259850,no
4470,485,3,25,libre,,1625259850,no
4528,321,4,55,regular,,1637118898,no
4602,327,4,33,libre,2021-02-24,1637145961,no
4611,512,3,18,regular,,1637147025,no
4612,512,3,2,regular,,1637147025,no
4631,94,4,40,regular,2021-11-11,1637147797,no
4639,340,4,29,regular,,1637148285,no
4640,340,4,31,regular,,1637148285,no
4641,340,4,34,regular,,1637148285,no
4642,340,4,37,regular,,1637148285,no
4643,340,4,38,regular,,1637148285,no
4644,340,4,41,regular,,1637148285,no
4645,340,4,44,regular,,1637148285,no
4646,340,4,49,regular,,1637148285,no
4669,244,3,15,regular,,1637148568,no
4670,244,3,2,regular,,1637148568,no
4671,244,3,4,regular,,1637148568,no
4672,244,3,7,regular,,1637148568,no
4673,244,3,12,regular,,1637148568,no
4674,244,3,14,regular,,1637148568,no
4675,244,3,16,regular,,1637148568,no
4676,244,3,21,regular,,1637148568,no
4677,244,3,26,regular,,1637148568,no
4678,244,3,27,regular,,1637148569,no
4679,351,4,33,regular,,1637148768,no
4680,351,4,55,regular,,1637148768,no
4681,240,3,2,regular,,1637149057,no
4682,240,3,4,regular,,1637149057,no
4683,240,3,7,regular,,1637149057,no
4684,240,3,12,regular,,1637149057,no
4685,240,3,14,regular,,1637149057,no
4686,240,3,16,regular,,1637149057,no
4687,240,3,21,regular,,1637149057,no
4688,240,3,26,regular,,1637149057,no
4689,240,3,27,regular,,1637149057,no
4713,339,3,12,libre,,1637150140,no
4714,339,3,14,libre,,1637150140,no
4715,339,3,16,regular,,1637150140,no
4716,87,4,32,regular,2021-10-22,1637150557,no
4717,87,4,33,regular,2021-10-22,1637150557,no
4718,87,4,35,regular,2021-10-22,1637150557,no
4719,87,4,40,regular,2021-10-22,1637150557,no
4720,87,4,42,regular,2021-10-22,1637150557,no
4721,87,4,50,regular,2021-10-22,1637150557,no
4722,87,4,53,regular,2021-10-22,1637150557,no
4723,87,4,54,regular,2021-10-22,1637150557,no
4724,87,4,55,regular,2021-10-22,1637150557,no
4725,87,4,56,regular,2021-10-22,1637150557,no
4791,935,3,5,regular,,1637151879,no
4792,935,3,9,regular,,1637151879,no
4793,935,3,10,regular,,1637151879,no
4794,935,3,11,regular,,1637151879,no
4795,935,3,15,regular,,1637151879,no
4796,935,3,17,regular,,1637151879,no
4797,935,3,24,regular,,1637151879,no
4798,935,3,28,regular,,1637151879,no
4867,367,3,3,regular,,1637152488,no
4868,367,3,6,regular,,1637152488,no
4869,367,3,8,regular,,1637152488,no
4870,367,3,13,regular,,1637152488,no
4871,367,3,18,regular,,1637152488,no
4872,367,3,20,regular,,1637152488,no
4873,367,3,22,regular,,1637152488,no
4874,367,3,23,regular,,1637152488,no
4875,367,3,25,regular,,1637152488,no
4949,945,3,5,regular,2021-10-25,1637153655,no
4950,945,3,9,regular,2021-10-27,1637153655,no
4951,945,3,10,regular,2021-10-26,1637153655,no
4952,945,3,11,regular,2021-11-04,1637153655,no
4953,945,3,15,regular,2021-10-28,1637153655,no
4954,945,3,17,regular,2021-11-05,1637153655,no
4955,945,3,19,regular,,1637153655,no
4956,945,3,24,regular,2021-11-03,1637153655,no
4957,945,3,28,regular,,1637153655,no
5004,305,3,15,regular,,1637153835,no
5005,305,3,22,regular,,1637153835,no
5006,305,3,25,regular,,1637153835,no
5007,305,3,2,regular,,1637153835,no
5008,305,3,4,regular,,1637153835,no
5009,305,3,7,regular,,1637153835,no
5010,305,3,12,regular,,1637153835,no
5011,305,3,14,regular,,1637153835,no
5012,305,3,16,regular,,1637153835,no
5013,305,3,21,regular,,1637153835,no
5014,305,3,26,regular,,1637153835,no
5015,305,3,27,regular,,1637153835,no
5025,158,3,15,regular,,1637153943,no
5026,158,3,2,regular,,1637153943,no
5027,158,3,4,regular,,1637153943,no
5028,158,3,7,regular,,1637153943,no
5029,158,3,12,regular,,1637153943,no
5030,158,3,14,regular,,1637153943,no
5031,158,3,16,regular,,1637153943,no
5032,158,3,21,regular,,1637153943,no
5033,158,3,26,regular,,1637153943,no
5034,158,3,27,regular,,1637153943,no
5043,337,3,15,regular,,1637154432,no
5044,337,3,2,regular,,1637154432,no
5045,337,3,4,regular,,1637154432,no
5046,337,3,7,regular,,1637154432,no
5047,337,3,12,regular,,1637154432,no
5048,337,3,14,regular,,1637154432,no
5049,337,3,16,regular,,1637154432,no
5050,337,3,26,regular,,1637154432,no
5051,337,3,27,regular,,1637154432,no
5059,84,3,2,regular,,1637154866,no
5060,84,3,4,regular,,1637154866,no
5061,84,3,7,regular,,1637154866,no
5062,84,3,12,regular,,1637154866,no
5063,84,3,14,regular,,1637154866,no
5064,84,3,16,regular,,1637154866,no
5065,84,3,21,regular,,1637154866,no
5066,84,3,26,regular,,1637154866,no
5067,84,3,27,regular,,1637154866,no
5078,519,4,32,regular,2021-10-22,1637155296,no
5079,519,4,33,regular,2021-10-22,1637155296,no
5080,519,4,35,regular,2021-10-22,1637155296,no
5081,519,4,40,regular,2021-10-22,1637155296,no
5082,519,4,42,regular,2021-10-22,1637155296,no
5083,519,4,50,regular,2021-10-22,1637155296,no
5084,519,4,53,regular,2021-10-22,1637155296,no
5085,519,4,54,regular,2021-07-02,1637155296,no
5086,519,4,55,regular,2021-10-22,1637155296,no
5087,519,4,56,regular,2021-10-22,1637155296,no
5098,184,3,15,regular,,1637155329,no
5099,184,3,2,regular,,1637155329,no
5100,184,3,4,regular,,1637155329,no
5101,184,3,7,regular,,1637155329,no
5102,184,3,12,regular,,1637155329,no
5103,184,3,14,regular,,1637155330,no
5104,184,3,16,regular,,1637155330,no
5105,184,3,21,regular,,1637155330,no
5106,184,3,26,regular,,1637155330,no
5107,184,3,27,regular,,1637155330,no
5146,218,3,15,regular,2019-11-13,1637155856,no
5147,218,3,2,regular,2021-10-28,1637155856,no
5148,218,3,4,regular,2021-10-27,1637155856,no
5149,218,3,7,regular,2021-11-08,1637155856,no
5150,218,3,12,regular,2021-11-12,1637155856,no
5151,218,3,14,regular,,1637155856,no
5152,218,3,16,regular,,1637155856,no
5153,218,3,21,regular,,1637155856,no
5154,218,3,26,regular,2021-10-26,1637155856,no
5155,218,3,27,regular,2021-11-04,1637155856,no
5156,211,3,15,regular,,1637156045,no
5157,211,3,17,regular,,1637156045,no
5158,211,3,24,regular,,1637156045,no
5159,211,3,4,regular,,1637156045,no
5160,211,3,12,regular,,1637156045,no
5177,456,3,2,regular,,1637156565,no
5178,456,3,4,regular,,1637156565,no
5179,456,3,7,regular,,1637156565,no
5180,456,3,12,regular,,1637156565,no
5181,456,3,14,regular,,1637156565,no
5182,456,3,16,regular,,1637156565,no
5183,456,3,21,regular,,1637156565,no
5184,456,3,26,regular,,1637156565,no
5185,456,3,27,regular,,1637156565,no
5186,137,3,2,regular,,1637156853,no
5187,137,3,4,regular,,1637156853,no
5188,137,3,7,regular,,1637156853,no
5189,137,3,12,regular,,1637156853,no
5190,137,3,14,regular,,1637156853,no
5191,137,3,16,regular,,1637156853,no
5192,137,3,27,regular,,1637156853,no
5193,276,4,55,regular,2021-11-25,1637157044,no
5223,235,3,2,regular,,1637157880,no
5224,235,3,4,regular,,1637157880,no
5225,235,3,7,regular,,1637157880,no
5226,235,3,12,regular,,1637157880,no
5227,235,3,14,regular,,1637157880,no
5228,235,3,16,regular,,1637157880,no
5229,235,3,21,regular,,1637157880,no
5230,235,3,26,regular,,1637157880,no
5231,235,3,27,regular,,1637157880,no
5305,193,3,15,regular,,1637159200,no
5306,193,3,2,regular,,1637159200,no
5307,193,3,4,regular,,1637159200,no
5308,193,3,7,regular,,1637159200,no
5309,193,3,12,regular,,1637159200,no
5310,193,3,14,regular,,1637159200,no
5311,193,3,16,regular,,1637159200,no
5312,193,3,21,regular,,1637159200,no
5313,193,3,26,regular,,1637159200,no
5314,193,3,27,regular,,1637159200,no
5336,589,3,15,regular,,1637159527,no
5337,589,3,2,regular,,1637159527,no
5338,589,3,4,regular,,1637159527,no
5339,589,3,7,regular,,1637159527,no
5340,589,3,12,regular,,1637159527,no
5341,589,3,14,regular,,1637159527,no
5342,589,3,16,regular,,1637159527,no
5343,589,3,21,regular,,1637159527,no
5344,589,3,26,regular,,1637159527,no
5345,589,3,27,regular,,1637159527,no
5372,97,3,2,regular,2021-10-28,1637159999,no
5373,97,3,4,regular,2021-10-27,1637159999,no
5374,97,3,7,regular,2021-10-25,1637159999,no
5375,97,3,12,regular,2021-11-12,1637159999,no
5376,97,3,14,regular,2021-11-16,1637159999,no
5377,97,3,16,regular,2021-11-05,1637159999,no
5378,97,3,21,regular,,1637159999,no
5379,97,3,26,regular,2021-10-26,1637159999,no
5380,97,3,27,regular,2021-11-04,1637159999,no
5398,198,3,24,regular,,1637161841,no
5399,198,3,6,regular,,1637161841,no
5400,198,3,13,regular,,1637161841,no
5401,198,3,22,regular,,1637161841,no
5402,198,3,23,regular,,1637161841,no
5414,246,3,25,regular,,1637162353,no
5448,269,4,44,libre,,1637163943,no
5449,219,3,2,regular,,1637164062,no
5450,219,3,4,regular,,1637164062,no
5451,219,3,7,regular,,1637164062,no
5452,219,3,12,regular,,1637164062,no
5453,219,3,14,regular,,1637164062,no
5454,219,3,16,regular,,1637164062,no
5455,219,3,21,regular,,1637164062,no
5456,219,3,26,regular,,1637164062,no
5457,219,3,27,regular,,1637164062,no
5458,241,3,15,regular,,1637164397,no
5459,241,3,2,regular,,1637164397,no
5460,241,3,4,libre,,1637164397,no
5461,241,3,7,regular,,1637164397,no
5462,241,3,12,regular,,1637164397,no
5463,241,3,14,regular,,1637164397,no
5464,241,3,16,regular,,1637164397,no
5465,241,3,21,regular,,1637164397,no
5466,241,3,26,regular,,1637164397,no
5467,241,3,27,regular,,1637164397,no
5495,972,4,30,regular,,1637165449,no
5496,972,4,36,regular,,1637165449,no
5497,972,4,39,regular,,1637165449,no
5498,972,4,43,regular,,1637165449,no
5499,972,4,45,regular,,1637165449,no
5500,972,4,46,regular,,1637165449,no
5501,972,4,47,regular,,1637165449,no
5502,972,4,48,regular,,1637165449,no
5503,972,4,51,regular,,1637165449,no
5516,379,3,15,regular,,1637167812,no
5517,379,3,2,regular,,1637167812,no
5518,379,3,4,regular,,1637167812,no
5519,379,3,7,regular,,1637167812,no
5520,379,3,12,regular,,1637167812,no
5521,379,3,14,regular,,1637167812,no
5522,379,3,16,regular,,1637167812,no
5523,379,3,21,regular,,1637167812,no
5524,379,3,26,regular,,1637167812,no
5525,379,3,27,regular,,1637167812,no
5585,259,4,32,regular,2021-11-17,1637171045,no
5586,259,4,33,regular,2021-11-17,1637171045,no
5587,259,4,35,regular,2021-11-17,1637171045,no
5588,259,4,40,regular,2021-11-17,1637171045,no
5589,259,4,42,regular,2021-11-17,1637171045,no
5590,259,4,50,regular,2021-11-17,1637171045,no
5591,259,4,53,regular,2021-11-17,1637171045,no
5592,259,4,54,regular,2021-11-17,1637171045,no
5593,259,4,56,regular,,1637171045,no
5603,860,3,5,libre,,1637171565,no
5604,860,3,9,libre,,1637171565,no
5605,860,3,10,libre,,1637171565,no
5606,860,3,11,regular,,1637171565,no
5607,860,3,15,regular,,1637171565,no
5608,860,3,17,regular,,1637171565,no
5609,860,3,24,regular,,1637171565,no
5610,860,3,28,regular,,1637171565,no
5669,680,3,24,regular,,1637174310,no
5670,680,3,6,regular,,1637174310,no
5671,680,3,23,regular,,1637174310,no
5712,233,3,15,regular,,1637177184,no
5713,233,3,2,regular,,1637177184,no
5714,233,3,4,regular,,1637177184,no
5715,233,3,7,regular,,1637177184,no
5716,233,3,12,regular,,1637177184,no
5717,233,3,14,regular,,1637177184,no
5718,233,3,16,regular,,1637177184,no
5719,233,3,21,regular,,1637177184,no
5720,233,3,26,regular,,1637177184,no
5721,233,3,27,regular,,1637177184,no
5766,548,3,5,libre,,1637179344,no
5767,548,3,9,libre,,1637179344,no
5768,548,3,10,libre,,1637179344,no
5769,548,3,11,libre,,1637179344,no
5770,548,3,15,libre,,1637179344,no
5771,548,3,17,regular,,1637179344,no
5772,548,3,24,regular,,1637179344,no
5773,548,3,28,regular,,1637179344,no
5855,245,3,15,libre,,1637181041,no
5856,245,3,2,regular,,1637181041,no
5857,245,3,4,regular,,1637181041,no
5858,245,3,7,regular,,1637181041,no
5859,245,3,12,regular,,1637181041,no
5860,245,3,14,regular,,1637181041,no
5861,245,3,16,regular,,1637181041,no
5862,245,3,26,regular,,1637181041,no
5863,245,3,27,regular,,1637181041,no
5874,238,3,15,libre,,1637181706,no
5875,238,3,2,regular,,1637181706,no
5876,238,3,4,regular,,1637181706,no
5877,238,3,7,regular,,1637181706,no
5878,238,3,12,regular,,1637181706,no
5879,238,3,14,regular,,1637181706,no
5880,238,3,16,regular,,1637181706,no
5881,238,3,26,regular,,1637181706,no
5882,238,3,27,regular,,1637181706,no
5964,272,3,15,regular,2019-10-27,1637183547,no
5965,272,3,2,regular,2021-11-11,1637183547,no
5966,272,3,4,regular,2021-10-27,1637183547,no
5967,272,3,7,regular,2021-10-25,1637183547,no
5968,272,3,12,regular,2021-10-29,1637183547,no
5969,272,3,14,regular,2021-11-16,1637183547,no
5970,272,3,16,regular,2021-11-05,1637183547,no
5971,272,3,21,regular,2021-11-09,1637183547,no
5972,272,3,26,regular,2021-11-09,1637183547,no
5973,272,3,27,regular,2021-11-04,1637183547,no
5991,416,3,18,regular,2021-11-08,1637186128,no
5992,416,3,2,libre,,1637186128,no
5993,416,3,14,regular,2021-11-02,1637186128,no
5994,416,3,16,regular,,1637186129,no
5995,416,3,27,regular,2021-11-04,1637186129,no
5996,314,4,36,regular,,1637186284,no
5997,314,4,39,regular,,1637186284,no
5998,314,4,45,regular,,1637186284,no
5999,314,4,47,regular,,1637186284,no
6000,314,4,29,regular,,1637186284,no
6001,314,4,31,regular,,1637186284,no
6002,314,4,34,regular,,1637186284,no
6003,314,4,44,regular,,1637186284,no
6004,314,4,49,regular,,1637186284,no
6005,314,4,52,regular,,1637186284,no
6023,325,4,43,regular,,1637187335,no
6024,325,4,44,regular,,1637187335,no
6025,325,4,33,libre,,1637187335,no
6057,976,4,30,libre,,1637188567,no
6058,976,4,36,libre,,1637188567,no
6059,976,4,39,libre,,1637188567,no
6060,976,4,43,regular,,1637188567,no
6061,976,4,45,regular,,1637188567,no
6062,976,4,46,regular,,1637188567,no
6063,976,4,47,libre,,1637188567,no
6064,978,4,30,regular,,1637189246,no
6065,978,4,36,regular,,1637189246,no
6066,978,4,39,regular,,1637189246,no
6067,978,4,43,regular,,1637189246,no
6068,978,4,45,regular,,1637189246,no
6069,978,4,46,regular,,1637189246,no
6070,978,4,47,regular,,1637189246,no
6071,978,4,48,regular,,1637189246,no
6072,399,3,2,libre,,1637189347,no
6073,298,3,15,regular,,1637189432,no
6074,298,3,2,regular,,1637189432,no
6075,298,3,4,regular,,1637189432,no
6076,298,3,7,regular,,1637189432,no
6077,298,3,12,regular,,1637189432,no
6078,298,3,14,regular,,1637189432,no
6079,298,3,16,regular,,1637189432,no
6080,298,3,26,regular,,1637189432,no
6081,298,3,27,regular,,1637189432,no
6099,230,3,2,regular,,1637190011,no
6100,230,3,4,regular,,1637190011,no
6101,230,3,7,regular,,1637190011,no
6102,230,3,12,regular,,1637190011,no
6103,230,3,14,regular,,1637190011,no
6104,230,3,16,regular,,1637190011,no
6105,230,3,21,regular,,1637190011,no
6106,230,3,26,regular,,1637190011,no
6107,230,3,27,regular,,1637190011,no
6133,202,3,2,regular,,1637193447,no
6134,202,3,4,regular,,1637193447,no
6135,202,3,7,regular,,1637193447,no
6136,202,3,12,regular,,1637193447,no
6137,202,3,14,regular,,1637193447,no
6138,202,3,16,regular,,1637193447,no
6139,202,3,21,regular,,1637193447,no
6140,202,3,26,regular,,1637193447,no
6141,202,3,27,regular,,1637193447,no
6168,981,3,5,libre,,1637196864,no
6169,981,3,9,libre,,1637196864,no
6170,981,3,10,libre,,1637196864,no
6171,981,3,11,regular,,1637196864,no
6172,981,3,15,libre,,1637196864,no
6173,981,3,17,regular,,1637196864,no
6174,981,3,19,regular,,1637196864,no
6175,981,3,24,regular,,1637196864,no
6176,981,3,28,libre,,1637196864,no
6190,774,3,5,libre,,1637197337,no
6191,774,3,11,libre,,1637197337,no
6192,774,3,15,libre,,1637197337,no
6193,774,3,17,libre,,1637197337,no
6194,774,3,28,libre,,1637197337,no
6195,774,3,8,libre,,1637197337,no
6246,395,3,4,regular,,1637201236,no
6247,395,3,12,regular,,1637201236,no
6248,395,3,14,regular,,1637201236,no
6249,395,3,16,libre,,1637201236,no
6250,395,3,27,regular,,1637201236,no
6285,292,3,2,regular,,1637207870,no
6286,292,3,4,regular,,1637207870,no
6287,292,3,7,regular,,1637207870,no
6288,292,3,12,regular,,1637207870,no
6289,292,3,14,regular,,1637207870,no
6290,292,3,16,regular,,1637207870,no
6291,292,3,21,regular,,1637207870,no
6292,292,3,26,regular,,1637207870,no
6293,292,3,27,regular,,1637207870,no
6324,330,3,20,regular,2021-11-26,1637234521,no
6334,229,3,12,libre,2021-11-12,1637236242,no
6335,190,3,2,regular,2021-11-11,1637239306,no
6336,190,3,7,regular,2021-10-25,1637239306,no
6337,190,3,16,regular,2021-11-19,1637239306,no
6338,190,3,26,regular,2021-10-26,1637239306,no
6339,190,3,27,regular,2021-11-04,1637239306,no
6412,983,3,5,libre,,1637243449,no
6413,983,3,9,libre,,1637243449,no
6414,983,3,10,libre,,1637243449,no
6415,983,3,11,regular,,1637243449,no
6416,983,3,15,libre,,1637243449,no
6417,983,3,17,regular,,1637243449,no
6418,983,3,24,regular,,1637243449,no
6419,983,3,28,libre,,1637243449,no
6420,928,3,5,regular,2021-11-29,1637248011,no
6421,928,3,9,regular,2021-11-24,1637248011,no
6422,928,3,10,regular,2021-11-23,1637248011,no
6423,928,3,11,regular,2021-12-02,1637248011,no
6424,928,3,15,regular,2021-11-25,1637248011,no
6425,928,3,17,regular,2021-11-26,1637248011,no
6426,928,3,24,regular,2021-12-01,1637248011,no
6427,928,3,28,regular,2021-11-30,1637248011,no
6444,514,4,29,regular,2021-10-29,1637253529,no
6445,514,4,41,regular,2021-11-12,1637253529,no
6446,514,4,49,regular,2021-11-18,1637253529,no
6447,469,3,5,regular,,1637254685,no
6448,469,3,17,regular,,1637254685,no
6449,469,3,13,regular,,1637254685,no
6450,469,3,16,regular,,1637254685,no
6451,315,3,2,regular,2021-12-03,1637255162,no
6467,424,3,12,libre,,1637257570,no
6491,926,3,5,regular,2021-11-16,1637264314,no
6492,926,3,9,regular,2021-11-17,1637264314,no
6493,926,3,10,regular,2021-11-17,1637264314,no
6494,926,3,11,regular,2021-11-08,1637264314,no
6495,926,3,15,regular,2021-11-04,1637264314,no
6496,926,3,17,regular,2021-11-09,1637264314,no
6497,926,3,19,regular,,1637264314,no
6498,926,3,24,regular,2021-11-03,1637264314,no
6499,926,3,28,regular,2021-11-18,1637264314,no
6502,937,3,5,regular,,1637266073,no
6503,937,3,9,regular,,1637266073,no
6504,937,3,10,regular,,1637266073,no
6505,937,3,11,regular,,1637266073,no
6506,937,3,15,regular,,1637266073,no
6507,937,3,17,regular,,1637266073,no
6508,937,3,24,regular,,1637266073,no
6509,937,3,28,regular,,1637266073,no
6531,977,4,30,regular,2021-11-03,1637272313,no
6532,977,4,36,regular,2021-10-26,1637272313,no
6533,977,4,39,regular,2021-11-10,1637272313,no
6534,977,4,43,regular,2021-11-05,1637272313,no
6535,977,4,45,regular,2021-11-01,1637272313,no
6536,977,4,46,regular,2021-10-29,1637272313,no
6537,977,4,47,regular,2021-11-02,1637272313,no
6538,977,4,48,regular,2021-10-25,1637272313,no
6539,977,4,51,regular,2021-10-25,1637272313,no
6617,338,3,24,regular,,1637288312,no
6618,338,3,8,libre,,1637288312,no
6619,338,3,22,libre,,1637288312,no
6637,554,3,2,regular,2021-10-28,1637289469,no
6638,554,3,4,regular,2021-11-10,1637289469,no
6639,554,3,7,regular,2021-11-08,1637289469,no
6640,554,3,14,libre,,1637289469,no
6641,554,3,26,regular,2021-10-26,1637289469,no
6650,267,4,41,regular,,1637290755,no
6651,267,4,35,regular,,1637290755,no
6652,267,4,42,regular,,1637290755,no
6676,1027,4,43,libre,,1644924391,no
6677,1027,4,47,libre,,1644924391,no
6702,263,4,33,regular,,1644927278,no
6703,263,4,55,regular,,1644927278,no
6722,148,3,15,regular,2021-02-16,1644928627,no
6723,148,3,24,regular,2021-11-17,1644928627,no
6724,148,3,3,libre,,1644928627,no
6725,148,3,8,libre,,1644928627,no
6777,315,4,55,regular,,1644937595,no
6780,985,4,30,regular,,1644938094,no
6781,985,4,39,regular,,1644938094,no
6793,901,4,39,regular,,1644940723,no
6794,901,4,47,regular,,1644940723,no
6795,901,4,48,regular,,1644940723,no
6799,236,3,15,regular,,1644941628,no
6800,236,3,16,regular,,1644941628,no
6816,358,3,18,libre,,1644948089,no
6817,358,3,2,libre,,1644948089,no
6836,311,3,7,regular,,1644953459,no
6837,85,3,15,libre,,1644954111,no
6838,85,3,23,libre,,1644954111,no
6839,85,3,16,regular,,1644954111,no
6856,936,3,28,libre,,1644955792,no
6857,979,3,5,libre,,1644956824,no
6858,979,3,9,libre,,1644956824,no
6859,979,3,24,regular,,1644956824,no
6860,162,3,9,libre,,1644957257,no
6861,162,3,10,libre,,1644957257,no
6862,285,4,33,regular,2021-10-15,1644957431,no
6865,906,4,30,regular,2022-03-02,1644960762,no
6866,906,4,39,regular,2022-02-23,1644960762,no
6867,906,4,43,libre,2022-03-04,1644960762,no
6949,186,4,30,regular,,1644974094,no
6950,186,4,36,regular,,1644974094,no
6951,186,4,45,regular,,1644974094,no
6952,186,4,48,regular,,1644974094,no
6953,186,4,29,regular,,1644974094,no
6954,186,4,38,regular,,1644974094,no
6955,186,4,41,regular,,1644974094,no
6956,257,4,33,regular,,1644975434,no
6957,257,4,55,regular,,1644975434,no
6958,318,4,38,regular,,1644976869,no
6959,318,4,41,regular,,1644976869,no
6961,221,3,15,regular,2018-12-05,1644979528,no
6962,221,3,7,regular,2021-12-01,1644979528,no
6963,221,3,16,regular,2021-12-02,1644979528,no
6964,78,4,44,regular,2022-02-15,1644979945,no
6995,969,3,28,libre,,1645015910,no
7016,192,3,7,regular,2021-11-08,1645040430,no
7017,270,4,37,regular,2021-02-11,1645040960,no
7018,270,4,44,regular,2021-02-16,1645040960,no
7019,270,4,35,regular,,1645040960,no
7024,457,3,18,libre,,1645042911,no
7025,457,3,2,libre,,1645042911,no
7026,457,3,4,regular,,1645042911,no
7027,457,3,7,regular,,1645042911,no
7054,1029,3,5,regular,,1645047669,no
7055,1029,3,11,regular,,1645047669,no
7056,1029,3,17,regular,,1645047669,no
7057,1029,3,8,regular,,1645047669,no
7072,86,4,38,regular,,1645050730,no
7073,86,4,32,regular,,1645050730,no
7074,86,4,33,regular,,1645050730,no
7075,86,4,35,regular,,1645050730,no
7076,86,4,50,regular,,1645050730,no
7077,86,4,53,regular,,1645050730,no
7078,86,4,54,regular,,1645050730,no
7079,86,4,56,regular,,1645050730,no
7094,128,3,15,regular,,1645056376,no
7102,442,4,29,regular,,1645057411,no
7189,357,3,24,regular,,1655140406,no
7190,357,3,3,libre,,1655140406,no
7191,357,3,6,regular,,1655140406,no
7192,357,3,23,libre,,1655140406,no
7193,357,3,25,regular,,1655140406,no
7233,163,4,54,regular,,1655204762,no
7270,918,4,39,regular,,1655237840,no
7271,918,4,43,regular,,1655237840,no
7272,918,4,48,regular,,1655237840,no
7284,355,4,39,libre,2019-06-14,1655242152,no
7325,127,3,15,regular,,1655247334,no
7326,127,3,24,regular,,1655247334,no
7327,127,3,3,regular,,1655247334,no
7328,127,3,18,regular,,1655247334,no
7329,127,3,23,regular,,1655247334,no
7330,127,3,25,regular,,1655247334,no
7349,181,3,15,regular,,1655247689,no
7370,191,3,15,regular,,1655250342,no
7371,191,3,16,regular,,1655250342,no
7372,1146,4,43,regular,,1655251732,no
7373,1146,4,47,regular,,1655251732,no
7374,419,3,15,libre,,1655252504,no
7375,419,3,16,regular,,1655252504,no
7382,105,3,15,regular,,1655255424,no
7383,105,3,24,regular,,1655255424,no
7384,105,3,3,regular,,1655255424,no
7396,197,3,15,libre,,1655258123,no
7403,404,4,55,regular,,1655259194,no
7413,274,4,31,regular,,1655261179,no
7414,274,4,38,regular,,1655261179,no
7415,274,4,42,libre,,1655261180,no
7454,268,4,55,regular,2022-06-13,1668490249,no
7638,678,4,32,regular,,1668514054,no
7639,678,4,35,regular,,1668514055,no
7640,678,4,40,regular,,1668514055,no
7641,678,4,42,regular,,1668514055,no
7642,678,4,54,regular,,1668514055,no
7643,678,4,55,regular,,1668514055,no
7644,678,4,56,regular,,1668514055,no
7725,134,4,43,libre,,1668514835,no
7726,134,4,37,regular,,1668514835,no
7727,134,4,32,regular,,1668514835,no
7728,134,4,33,libre,,1668514835,no
7729,134,4,35,regular,,1668514835,no
7730,134,4,40,libre,,1668514835,no
7731,134,4,42,libre,,1668514835,no
7732,134,4,54,regular,,1668514835,no
7733,134,4,55,regular,,1668514835,no
7734,134,4,56,regular,,1668514835,no
7772,92,4,55,libre,,1668515932,no
7826,275,4,55,regular,,1668518298,no
7827,537,4,33,regular,2022-11-15,1668518660,no
7879,1091,3,5,regular,,1668520479,no
7880,1091,3,9,regular,,1668520479,no
7881,1091,3,10,regular,,1668520479,no
7882,1091,3,11,regular,,1668520479,no
7883,1091,3,15,regular,,1668520479,no
7884,1091,3,17,regular,,1668520479,no
7885,1091,3,24,regular,,1668520479,no
7886,1091,3,28,regular,,1668520479,no
7887,159,3,2,regular,,1668520656,no
7888,159,3,4,regular,,1668520656,no
7889,159,3,7,regular,,1668520656,no
7890,159,3,12,regular,,1668520656,no
7891,159,3,14,regular,,1668520656,no
7892,159,3,16,regular,,1668520656,no
7893,159,3,26,regular,,1668520656,no
7894,159,3,27,regular,,1668520656,no
7908,384,4,36,libre,,1668520710,no
7909,384,4,37,libre,,1668520710,no
7910,384,4,50,regular,,1668520710,no
7911,384,4,55,regular,,1668520710,no
7912,384,4,56,regular,,1668520710,no
7963,1077,4,30,regular,,1668525674,no
7964,1077,4,36,regular,,1668525674,no
7965,1077,4,39,regular,,1668525674,no
7966,1077,4,43,regular,,1668525674,no
7967,1077,4,45,regular,,1668525674,no
7968,1077,4,46,regular,,1668525674,no
7969,1077,4,47,regular,,1668525674,no
7970,1077,4,48,regular,,1668525674,no
7971,1056,4,32,regular,2022-11-15,1668527342,no
7972,1056,4,33,regular,2022-11-15,1668527342,no
7973,1056,4,35,regular,2022-11-15,1668527342,no
7974,1056,4,40,regular,2022-11-15,1668527342,no
7975,1056,4,42,regular,2022-11-15,1668527342,no
7976,1056,4,50,regular,2022-11-15,1668527342,no
7977,1056,4,54,regular,2022-11-15,1668527342,no
7978,1056,4,55,regular,2022-11-15,1668527342,no
7979,1056,4,56,regular,2022-11-15,1668527342,no
7980,168,3,2,regular,2022-11-24,1668527712,no
7981,168,3,4,regular,2022-11-23,1668527712,no
7982,168,3,7,regular,2022-11-28,1668527712,no
7983,168,3,12,regular,2022-11-25,1668527712,no
7984,168,3,14,regular,2022-12-01,1668527712,no
7985,168,3,16,regular,2022-11-30,1668527712,no
7986,168,3,26,regular,2022-12-06,1668527712,no
7987,168,3,27,regular,2022-11-29,1668527712,no
7988,365,3,15,libre,,1668530079,no
7989,365,3,18,libre,,1668530079,no
7990,365,3,23,libre,,1668530079,no
7991,365,3,4,libre,,1668530079,no
7992,365,3,12,libre,,1668530079,no
7993,365,3,14,libre,,1668530079,no
7994,365,3,16,libre,,1668530079,no
7995,601,4,32,regular,,1668530180,no
7996,601,4,33,regular,,1668530180,no
7997,601,4,35,regular,,1668530180,no
7998,601,4,40,regular,,1668530180,no
7999,601,4,42,regular,,1668530180,no
8000,601,4,50,regular,,1668530180,no
8001,601,4,54,regular,,1668530180,no
8002,601,4,56,regular,,1668530180,no
8012,575,3,9,libre,,1668530936,no
8013,575,3,10,regular,2021-11-19,1668530936,no
8014,575,3,28,libre,,1668530936,no
8015,575,3,3,libre,,1668530936,no
8016,575,3,6,libre,,1668530936,no
8017,575,3,8,libre,,1668530936,no
8018,575,3,13,regular,2022-11-30,1668530936,no
8019,575,3,18,libre,,1668530936,no
8020,575,3,22,regular,2022-11-17,1668530936,no
8057,685,3,7,regular,2022-10-24,1668533413,no
8058,685,3,26,regular,2022-11-02,1668533413,no
8155,422,4,32,regular,,1668539347,no
8156,422,4,33,regular,,1668539347,no
8157,422,4,35,regular,,1668539347,no
8158,422,4,40,regular,,1668539347,no
8159,422,4,42,regular,,1668539347,no
8160,422,4,50,regular,,1668539347,no
8161,422,4,54,regular,,1668539347,no
8162,422,4,55,regular,,1668539347,no
8163,422,4,56,regular,,1668539347,no
8208,489,4,36,libre,,1668542665,no
8209,489,4,37,libre,,1668542665,no
8210,489,4,50,regular,,1668542665,no
8290,683,4,32,regular,2022-11-15,1668554685,no
8291,683,4,33,regular,2022-11-15,1668554685,no
8292,683,4,35,regular,2022-11-15,1668554685,no
8293,683,4,40,regular,2022-11-15,1668554685,no
8294,683,4,42,regular,2022-11-15,1668554685,no
8295,683,4,50,regular,2022-11-15,1668554685,no
8296,683,4,54,regular,2022-06-14,1668554685,no
8297,683,4,55,regular,2022-11-15,1668554685,no
8298,683,4,56,regular,2022-11-15,1668554685,no
8338,333,3,15,regular,,1668557821,no
8339,333,3,6,libre,,1668557821,no
8340,333,3,13,libre,,1668557821,no
8341,333,3,22,libre,,1668557821,no
8342,333,3,23,regular,,1668557821,no
8343,333,3,25,regular,,1668557821,no
8369,418,4,33,libre,,1668565626,no
8370,418,4,40,libre,,1668565626,no
8406,1171,4,46,regular,2022-11-01,1668598962,no
8407,1069,3,5,regular,,1668601640,no
8408,1069,3,9,regular,,1668601640,no
8409,1069,3,10,regular,,1668601640,no
8410,1069,3,11,regular,,1668601640,no
8411,1069,3,15,regular,,1668601640,no
8412,1069,3,17,regular,,1668601640,no
8413,1069,3,24,regular,,1668601640,no
8414,1069,3,28,regular,,1668601640,no
8434,1100,4,30,regular,,1668610222,no
8435,1100,4,36,regular,,1668610222,no
8436,1100,4,39,regular,,1668610222,no
8437,1100,4,43,regular,,1668610222,no
8438,1100,4,45,regular,,1668610222,no
8439,1100,4,46,regular,,1668610222,no
8440,1100,4,47,regular,,1668610222,no
8441,1100,4,48,regular,,1668610222,no
8519,106,3,25,regular,,1668617373,no
8520,106,3,2,regular,,1668617373,no
8521,106,3,4,regular,,1668617373,no
8522,106,3,7,regular,,1668617373,no
8523,106,3,12,regular,,1668617373,no
8524,106,3,14,regular,,1668617373,no
8525,106,3,16,regular,,1668617373,no
8526,106,3,26,regular,,1668617373,no
8527,106,3,27,regular,,1668617373,no
8528,149,3,2,regular,,1668618096,no
8529,149,3,4,regular,,1668618096,no
8530,149,3,7,regular,,1668618096,no
8531,149,3,12,regular,,1668618096,no
8532,149,3,14,regular,,1668618096,no
8533,149,3,16,regular,,1668618096,no
8534,149,3,26,regular,,1668618096,no
8535,149,3,27,regular,,1668618096,no
8616,386,3,2,regular,,1668637665,no
8617,386,3,4,regular,,1668637665,no
8618,386,3,7,regular,,1668637665,no
8619,386,3,12,regular,,1668637665,no
8620,386,3,14,regular,,1668637665,no
8621,386,3,16,regular,,1668637665,no
8622,386,3,26,regular,,1668637665,no
8623,386,3,27,regular,,1668637665,no
8632,1066,3,2,regular,,1668639256,no
8633,1066,3,4,regular,,1668639256,no
8634,1066,3,7,regular,,1668639256,no
8635,1066,3,12,regular,,1668639256,no
8636,1066,3,14,regular,,1668639256,no
8637,1066,3,16,regular,,1668639256,no
8638,1066,3,26,regular,,1668639256,no
8639,1066,3,27,regular,,1668639256,no
8647,965,3,5,libre,,1668640169,no
8648,965,3,9,libre,,1668640169,no
8649,965,3,28,libre,,1668640169,no
8650,965,3,13,libre,,1668640169,no
8651,160,4,31,regular,,1668641039,no
8652,160,4,37,regular,,1668641039,no
8653,160,4,32,regular,,1668641039,no
8654,160,4,33,regular,,1668641039,no
8655,160,4,35,regular,,1668641039,no
8656,160,4,40,regular,,1668641039,no
8657,160,4,42,regular,,1668641039,no
8658,160,4,50,regular,,1668641039,no
8659,160,4,54,regular,,1668641039,no
8660,160,4,56,regular,,1668641039,no
8661,1147,3,9,regular,,1668641363,no
8662,1147,3,10,regular,,1668641364,no
8663,1147,3,11,regular,,1668641364,no
8664,1147,3,17,regular,,1668641364,no
8682,115,3,15,regular,,1668641538,no
8683,115,3,3,regular,,1668641538,no
8684,115,3,2,regular,,1668641538,no
8685,115,3,4,regular,,1668641538,no
8686,115,3,7,regular,,1668641538,no
8687,115,3,12,regular,,1668641538,no
8688,115,3,14,regular,,1668641538,no
8689,115,3,16,regular,,1668641538,no
8690,115,3,26,regular,,1668641538,no
8691,115,3,27,regular,,1668641538,no
8698,278,3,16,regular,2021-12-01,1668643305,no
8756,116,3,2,regular,,1668648459,no
8757,116,3,4,regular,,1668648459,no
8758,116,3,7,regular,,1668648459,no
8759,116,3,12,regular,,1668648459,no
8760,116,3,14,regular,,1668648459,no
8761,116,3,16,regular,,1668648459,no
8762,116,3,26,regular,,1668648459,no
8763,116,3,27,regular,,1668648459,no
8809,306,3,18,libre,2022-11-16,1668650029,no
8810,306,3,7,regular,,1668650029,no
8811,306,3,14,libre,,1668650029,no
8812,306,3,27,regular,,1668650029,no
8813,300,3,2,libre,,1668653363,no
8814,300,3,4,regular,,1668653363,no
8815,300,3,7,libre,,1668653363,no
8816,300,3,12,libre,,1668653363,no
8817,300,3,14,libre,,1668653363,no
8818,300,3,16,libre,,1668653363,no
8819,300,3,26,regular,,1668653363,no
8820,300,3,27,libre,,1668653363,no
8838,139,4,55,regular,2022-11-30,1676456053,no
8848,451,3,18,libre,,1676463573,no
8849,451,3,2,libre,,1676463573,no
8850,451,3,7,libre,,1676463573,no
8854,293,3,16,libre,,1676465184,no
8871,201,3,16,regular,,1676470244,no
8878,301,3,3,libre,,1676471700,no
8879,375,4,33,libre,,1676472901,no
8880,375,4,55,regular,,1676472901,no
8881,120,3,4,regular,,1676472938,no
8882,120,3,14,regular,,1676472938,no
8883,120,3,16,regular,,1676472938,no
8888,1088,4,36,libre,,1676475432,no
8889,1088,4,43,libre,,1676475432,no
8898,185,4,33,regular,,1676478152,no
8903,96,3,3,regular,,1676478241,no
8904,96,3,12,libre,,1676478241,no
8905,96,3,14,libre,,1676478241,no
8910,323,3,3,regular,,1676478958,no
8922,1182,3,5,regular,,1676479139,no
8923,1182,3,9,regular,,1676479139,no
8924,1182,3,10,regular,,1676479139,no
8925,1182,3,11,regular,,1676479140,no
8926,1182,3,15,regular,,1676479140,no
8927,1182,3,17,regular,,1676479140,no
8928,1182,3,24,regular,,1676479140,no
8929,1182,3,28,regular,,1676479140,no
8939,177,4,37,regular,,1676481371,no
8951,180,3,5,regular,,1676484229,no
8952,180,3,3,regular,,1676484229,no
8953,180,3,12,regular,,1676484229,no
8954,180,3,14,regular,,1676484229,no
8955,180,3,16,regular,,1676484229,no
8956,180,3,26,regular,,1676484229,no
8973,1136,3,24,regular,,1676494155,no
8974,1136,3,28,regular,,1676494155,no
8984,80,4,49,regular,,1676498323,no
9001,392,3,18,regular,,1676504290,no
9002,392,3,16,regular,,1676504290,no
9007,172,3,16,regular,,1676507413,no
9024,1138,3,11,regular,,1676510678,no
9025,1138,3,24,regular,,1676510678,no
9026,476,3,15,regular,,1676510694,no
9027,476,3,17,regular,,1676510694,no
9028,476,3,3,regular,,1676510694,no
9029,476,3,8,regular,,1676510694,no
9030,476,3,13,regular,,1676510694,no
9031,476,3,22,regular,,1676510694,no
9032,476,3,23,regular,,1676510694,no
9066,213,3,5,regular,,1676559664,no
9067,213,3,15,regular,,1676559664,no
9068,213,3,17,regular,,1676559664,no
9069,213,3,24,regular,,1676559664,no
9073,914,4,45,libre,,1676567755,no
9074,914,4,48,libre,,1676567755,no
9075,1075,4,30,regular,,1676569996,no
9076,1075,4,48,regular,,1676569996,no
9077,290,3,18,libre,,1676574078,no
9078,290,3,16,regular,,1676574078,no
9080,284,4,55,regular,,1676575669,no
9081,1175,4,30,libre,,1676576798,no
9082,1175,4,45,regular,,1676576798,no
9083,1175,4,47,libre,,1676576798,no
9093,95,4,33,regular,,1676581234,no
9094,95,4,50,regular,,1676581234,no
9095,95,4,55,regular,,1676581234,no
9096,706,3,14,libre,,1676582713,no
9107,302,3,14,regular,,1676584177,no
9116,903,4,39,libre,,1676586858,no
9117,903,4,43,regular,,1676586858,no
9118,903,4,45,libre,,1676586858,no
9119,903,4,48,regular,,1676586858,no
9122,1178,4,43,libre,2023-03-21,1676589398,no
9123,1178,4,45,regular,2023-03-06,1676589398,no
9124,1178,4,47,libre,2023-03-02,1676589398,no
9138,431,4,55,regular,,1676592738,no
9139,1060,4,30,libre,,1676593409,no
9140,1060,4,48,regular,,1676593409,no
9141,129,3,9,libre,,1676594265,no
9148,423,4,40,libre,,1686839872,no
9149,423,4,54,libre,,1686839872,no
9150,423,4,55,libre,,1686839872,no
9245,258,4,32,regular,,1686911557,no
9246,258,4,40,regular,,1686911557,no
9247,252,4,32,libre,,1686914300,no
9248,252,4,33,regular,,1686914300,no
9249,252,4,55,libre,,1686914300,no
9255,142,4,37,regular,,1686922315,no
9256,142,4,44,regular,,1686922315,no
9257,142,4,32,regular,,1686922315,no
9258,499,4,55,regular,2023-06-16,1686923179,no
9266,132,4,33,regular,,1686926979,no
9278,681,4,55,regular,,1686928692,no
9283,205,3,6,libre,,1686932774,no
9284,205,3,18,libre,,1686932774,no
9285,205,3,2,libre,,1686932774,no
9286,205,3,14,libre,,1686932774,no
9287,205,3,27,libre,,1686932774,no
9291,954,4,30,regular,,1686939899,no
9292,954,4,43,libre,,1686939899,no
9293,954,4,48,regular,,1686939899,no
9294,954,4,29,regular,,1686939899,no
9295,954,4,37,regular,,1686939899,no
9296,954,4,38,regular,,1686939899,no
9297,954,4,41,regular,,1686939899,no
9408,223,3,15,regular,,1687391901,no
9409,223,3,23,regular,,1687391901,no
9410,223,3,25,regular,,1687391901,no
9411,1087,4,29,regular,2023-11-17,1699327646,no
9412,1087,4,31,regular,2023-11-22,1699327646,no
9413,1087,4,34,regular,2023-11-27,1699327646,no
9414,1087,4,37,regular,2023-11-16,1699327647,no
9415,1087,4,38,regular,2023-11-23,1699327647,no
9416,1087,4,41,regular,2023-11-28,1699327647,no
9417,1087,4,44,regular,2023-11-21,1699327647,no
9418,1087,4,49,regular,2023-11-29,1699327647,no
9427,1240,4,30,libre,,1699328962,no
9428,1240,4,48,regular,2023-10-31,1699328962,no
9429,1196,3,5,regular,,1699330329,no
9430,1196,3,9,regular,,1699330329,no
9431,1196,3,10,regular,,1699330329,no
9432,1196,3,11,regular,,1699330329,no
9433,1196,3,15,regular,,1699330329,no
9434,1196,3,17,regular,,1699330329,no
9435,1196,3,24,regular,,1699330329,no
9436,1196,3,28,regular,,1699330330,no
9445,1195,3,5,regular,,1699330972,no
9446,1195,3,9,regular,,1699330972,no
9447,1195,3,10,regular,,1699330972,no
9448,1195,3,11,regular,,1699330972,no
9449,1195,3,15,regular,,1699330972,no
9450,1195,3,17,regular,,1699330972,no
9451,1195,3,24,regular,,1699330972,no
9452,1195,3,28,regular,,1699330972,no
9458,1231,4,30,regular,,1699343525,no
9459,1231,4,36,regular,,1699343525,no
9460,1231,4,39,regular,,1699343526,no
9461,1231,4,45,regular,,1699343526,no
9462,1231,4,46,regular,,1699343526,no
9484,1214,3,5,regular,,1699351533,no
9485,1214,3,9,regular,,1699351533,no
9486,1214,3,10,regular,,1699351533,no
9487,1214,3,11,regular,,1699351533,no
9488,1214,3,15,regular,,1699351533,no
9489,1214,3,17,regular,,1699351533,no
9490,1214,3,24,regular,,1699351533,no
9491,1214,3,28,regular,,1699351533,no
9492,453,3,3,libre,,1699351883,no
9493,453,3,8,libre,,1699351883,no
9494,1170,3,5,regular,,1699352686,no
9495,1170,3,9,regular,,1699352686,no
9496,1170,3,10,regular,,1699352686,no
9497,1170,3,11,regular,,1699352686,no
9498,1170,3,15,regular,,1699352686,no
9499,1170,3,17,regular,,1699352686,no
9500,1170,3,24,regular,,1699352686,no
9501,1170,3,28,regular,,1699352686,no
9525,1097,4,29,regular,,1699356062,no
9526,1097,4,31,regular,,1699356062,no
9527,1097,4,34,regular,,1699356062,no
9528,1097,4,37,regular,,1699356062,no
9529,1097,4,38,regular,,1699356062,no
9530,1097,4,41,regular,,1699356062,no
9531,1097,4,44,regular,,1699356062,no
9532,1097,4,49,regular,,1699356062,no
9533,1229,4,30,regular,,1699356205,no
9534,1229,4,36,regular,,1699356205,no
9535,1229,4,39,regular,,1699356205,no
9536,1229,4,43,regular,,1699356205,no
9537,1229,4,45,regular,,1699356205,no
9538,1229,4,46,regular,,1699356205,no
9539,1229,4,47,regular,,1699356205,no
9540,1229,4,48,regular,,1699356205,no
9541,1227,4,30,regular,2023-11-21,1699356766,no
9542,1227,4,36,regular,2023-11-16,1699356766,no
9543,1227,4,39,regular,2023-11-25,1699356766,no
9544,1227,4,43,regular,2023-11-17,1699356766,no
9545,1227,4,45,regular,2023-11-23,1699356766,no
9546,1227,4,46,regular,2023-11-29,1699356766,no
9547,1227,4,47,regular,2023-11-22,1699356766,no
9548,1227,4,48,regular,2023-11-28,1699356766,no
9549,1225,4,30,regular,2023-11-21,1699356880,no
9550,1225,4,36,regular,2023-11-16,1699356880,no
9551,1225,4,39,regular,2023-11-27,1699356880,no
9552,1225,4,43,regular,2023-11-17,1699356880,no
9553,1225,4,45,regular,2023-11-23,1699356880,no
9554,1225,4,46,regular,2023-11-29,1699356880,no
9555,1225,4,47,regular,2023-11-22,1699356880,no
9556,1225,4,48,regular,2023-11-28,1699356880,no
9565,1210,3,5,regular,,1699358175,no
9566,1210,3,9,regular,,1699358175,no
9567,1210,3,10,regular,,1699358175,no
9568,1210,3,11,regular,,1699358175,no
9569,1210,3,15,regular,,1699358175,no
9570,1210,3,17,regular,,1699358175,no
9571,1210,3,24,regular,,1699358175,no
9572,1210,3,28,regular,,1699358175,no
9573,1045,3,15,libre,,1699358827,no
9574,1045,3,28,regular,,1699358827,no
9575,1045,3,6,regular,,1699358827,no
9576,1045,3,4,regular,,1699358827,no
9577,1045,3,7,regular,,1699358827,no
9578,1045,3,12,regular,,1699358827,no
9579,1045,3,14,regular,,1699358827,no
9580,1045,3,16,regular,,1699358827,no
9581,1045,3,26,regular,,1699358828,no
9582,878,3,15,libre,,1699358840,no
9583,878,3,6,libre,,1699358840,no
9584,878,3,2,regular,,1699358840,no
9585,878,3,4,regular,,1699358840,no
9586,878,3,7,regular,,1699358840,no
9587,878,3,12,regular,,1699358840,no
9588,878,3,14,libre,,1699358840,no
9589,878,3,16,regular,,1699358840,no
9590,878,3,26,regular,,1699358840,no
9591,878,3,27,libre,,1699358840,no
9602,222,3,4,regular,2023-11-01,1699359168,no
9603,222,3,14,regular,2023-10-20,1699359168,no
9604,920,3,2,regular,,1699361201,no
9605,920,3,4,regular,,1699361201,no
9606,920,3,7,regular,,1699361201,no
9607,920,3,12,regular,,1699361201,no
9608,920,3,14,regular,,1699361201,no
9609,920,3,16,regular,,1699361201,no
9610,920,3,26,regular,,1699361201,no
9611,920,3,27,regular,,1699361201,no
9625,946,3,15,regular,2021-12-12,1699362158,no
9626,946,3,2,regular,,1699362158,no
9627,946,3,4,regular,,1699362158,no
9628,946,3,7,regular,,1699362158,no
9629,946,3,12,regular,,1699362158,no
9630,946,3,14,regular,,1699362158,no
9631,946,3,16,regular,,1699362158,no
9632,946,3,26,regular,,1699362158,no
9633,946,3,27,regular,,1699362158,no
9655,1257,4,30,regular,2023-11-07,1699362324,no
9656,1257,4,36,regular,2023-11-07,1699362324,no
9657,1257,4,39,regular,2023-11-07,1699362324,no
9658,1257,4,43,regular,2023-11-07,1699362324,no
9659,1257,4,45,regular,2023-11-07,1699362324,no
9660,1257,4,46,regular,2023-11-07,1699362324,no
9661,1257,4,47,regular,2023-11-07,1699362324,no
9662,1257,4,48,regular,2023-11-07,1699362324,no
9667,151,3,18,regular,,1699362731,no
9668,151,3,2,libre,,1699362731,no
9669,151,3,16,regular,,1699362731,no
9670,151,3,26,regular,,1699362731,no
9671,151,3,27,regular,,1699362731,no
9690,848,3,15,libre,,1699364149,no
9691,848,3,2,regular,,1699364149,no
9692,848,3,4,regular,,1699364149,no
9693,848,3,7,regular,,1699364149,no
9694,848,3,12,regular,,1699364149,no
9695,848,3,14,regular,,1699364149,no
9696,848,3,16,regular,,1699364149,no
9697,848,3,26,regular,,1699364149,no
9698,848,3,27,regular,,1699364149,no
9708,1049,3,15,regular,,1699364184,no
9709,1049,3,2,regular,,1699364184,no
9710,1049,3,4,regular,,1699364184,no
9711,1049,3,7,regular,,1699364184,no
9712,1049,3,12,regular,,1699364184,no
9713,1049,3,14,regular,,1699364184,no
9714,1049,3,16,regular,,1699364184,no
9715,1049,3,26,regular,,1699364184,no
9716,1049,3,27,regular,,1699364184,no
9717,931,3,15,regular,2021-11-07,1699364313,no
9718,931,3,3,libre,,1699364313,no
9719,931,3,2,regular,,1699364313,no
9720,931,3,4,regular,,1699364313,no
9721,931,3,7,regular,,1699364313,no
9722,931,3,12,regular,,1699364313,no
9723,931,3,14,libre,,1699364313,no
9724,931,3,16,regular,,1699364313,no
9725,931,3,26,regular,,1699364313,no
9726,931,3,27,regular,,1699364313,no
9749,1201,3,5,regular,,1699364665,no
9750,1201,3,9,regular,,1699364665,no
9751,1201,3,10,regular,,1699364665,no
9752,1201,3,11,regular,,1699364665,no
9753,1201,3,15,regular,,1699364665,no
9754,1201,3,17,libre,,1699364665,no
9755,1201,3,24,regular,,1699364665,no
9756,1201,3,28,regular,,1699364665,no
9757,309,3,15,regular,,1699365069,no
9758,309,3,8,regular,,1699365069,no
9759,309,3,18,libre,,1699365069,no
9760,309,3,25,regular,,1699365069,no
9761,309,3,2,regular,,1699365069,no
9762,309,3,4,regular,,1699365069,no
9763,309,3,7,libre,,1699365069,no
9764,309,3,12,regular,,1699365069,no
9765,309,3,14,regular,,1699365069,no
9766,309,3,16,regular,,1699365069,no
9767,309,3,26,regular,,1699365069,no
9768,309,3,27,regular,,1699365069,no
9785,1204,3,5,regular,,1699366188,no
9786,1204,3,9,regular,,1699366188,no
9787,1204,3,10,regular,,1699366188,no
9788,1204,3,11,libre,,1699366188,no
9789,1204,3,15,regular,,1699366188,no
9790,1204,3,17,libre,,1699366189,no
9791,1204,3,24,regular,,1699366189,no
9792,1204,3,28,libre,,1699366189,no
9793,1151,4,29,regular,,1699366590,no
9794,1151,4,31,regular,,1699366590,no
9795,1151,4,34,regular,,1699366590,no
9796,1151,4,38,regular,,1699366590,no
9797,1151,4,41,regular,,1699366590,no
9798,1151,4,49,regular,,1699366590,no
9842,1179,4,30,libre,,1699367730,no
9843,1179,4,45,regular,,1699367730,no
9844,1179,4,34,libre,,1699367730,no
9845,1179,4,38,regular,,1699367730,no
9846,1179,4,41,libre,,1699367730,no
9847,1179,4,44,libre,,1699367730,no
9848,1179,4,49,regular,,1699367730,no
9855,1141,3,15,regular,2022-10-31,1699368022,no
9856,1141,3,3,regular,2023-11-01,1699368022,no
9857,1141,3,6,regular,2023-10-24,1699368022,no
9858,1141,3,8,regular,2023-10-20,1699368022,no
9859,1141,3,13,regular,2023-10-25,1699368022,no
9860,1141,3,18,regular,2023-10-23,1699368022,no
9861,1141,3,22,regular,2023-10-19,1699368022,no
9862,1141,3,23,regular,2023-10-26,1699368022,no
9863,1141,3,25,regular,2023-10-17,1699368022,no
9864,907,4,32,regular,,1699368490,no
9865,907,4,33,regular,,1699368490,no
9866,907,4,35,regular,,1699368490,no
9867,907,4,40,regular,,1699368490,no
9868,907,4,42,regular,,1699368490,no
9869,907,4,50,regular,,1699368490,no
9870,907,4,55,regular,,1699368490,no
9871,1153,4,29,regular,,1699368651,no
9872,1153,4,31,regular,,1699368651,no
9873,1153,4,34,regular,,1699368651,no
9874,1153,4,37,regular,,1699368651,no
9875,1153,4,38,regular,,1699368651,no
9876,1153,4,41,regular,,1699368651,no
9877,1153,4,44,regular,,1699368651,no
9878,1153,4,49,regular,,1699368651,no
9879,1197,3,5,regular,,1699369356,no
9880,1197,3,9,regular,,1699369356,no
9881,1197,3,10,regular,,1699369356,no
9882,1197,3,11,regular,,1699369356,no
9883,1197,3,15,regular,,1699369356,no
9884,1197,3,17,regular,,1699369356,no
9885,1197,3,24,regular,,1699369356,no
9886,1197,3,28,regular,,1699369356,no
9887,1140,3,15,regular,,1699369858,no
9888,1140,3,3,regular,,1699369858,no
9889,1140,3,6,regular,,1699369858,no
9890,1140,3,8,regular,,1699369858,no
9891,1140,3,13,regular,,1699369858,no
9892,1140,3,18,regular,,1699369858,no
9893,1140,3,22,regular,,1699369858,no
9894,1140,3,23,regular,,1699369858,no
9895,1140,3,25,regular,,1699369858,no
9900,1206,3,9,regular,,1699370344,no
9901,1206,3,15,regular,,1699370344,no
9902,1206,3,24,regular,,1699370344,no
9956,1199,3,5,regular,,1699375901,no
9957,1199,3,9,regular,,1699375901,no
9958,1199,3,10,regular,,1699375901,no
9959,1199,3,11,regular,,1699375901,no
9960,1199,3,15,regular,,1699375901,no
9961,1199,3,17,regular,,1699375901,no
9962,1199,3,24,regular,,1699375901,no
9963,1199,3,28,regular,,1699375901,no
9964,819,4,32,regular,2023-10-31,1699376107,no
9965,819,4,40,regular,,1699376107,no
9966,819,4,42,regular,,1699376107,no
9967,819,4,50,regular,,1699376107,no
9968,819,4,55,regular,,1699376107,no
9969,1152,4,29,regular,,1699376523,no
9970,1152,4,31,regular,,1699376523,no
9971,1152,4,34,regular,,1699376523,no
9972,1152,4,37,regular,,1699376523,no
9973,1152,4,38,regular,,1699376523,no
9974,1152,4,41,regular,,1699376523,no
9975,1152,4,44,regular,,1699376523,no
9976,1152,4,49,regular,,1699376523,no
10000,1150,4,29,regular,,1699377145,no
10001,1150,4,31,regular,,1699377145,no
10002,1150,4,34,regular,,1699377145,no
10003,1150,4,37,regular,,1699377145,no
10004,1150,4,38,regular,,1699377145,no
10005,1150,4,41,regular,,1699377145,no
10006,1150,4,44,regular,,1699377145,no
10007,1150,4,49,regular,,1699377145,no
10017,620,4,32,regular,,1699377778,no
10018,620,4,33,regular,,1699377778,no
10019,620,4,35,regular,,1699377778,no
10020,620,4,40,regular,,1699377778,no
10021,620,4,42,regular,,1699377778,no
10022,620,4,50,regular,,1699377778,no
10023,620,4,54,regular,,1699377778,no
10024,620,4,55,regular,,1699377778,no
10025,620,4,56,regular,,1699377778,no
10044,1253,4,39,regular,2023-10-23,1699378535,no
10045,1253,4,45,regular,2023-10-26,1699378535,no
10046,1253,4,48,regular,2023-10-31,1699378535,no
10069,446,3,18,libre,,1699379055,no
10070,446,3,25,regular,,1699379055,no
10071,446,3,2,regular,,1699379055,no
10072,446,3,7,regular,,1699379056,no
10073,446,3,12,regular,,1699379056,no
10074,446,3,14,regular,,1699379056,no
10083,462,4,55,libre,,1699379638,no
10092,217,3,7,regular,,1699381073,no
10116,153,3,6,regular,,1699383782,no
10117,153,3,8,regular,,1699383782,no
10118,153,3,13,regular,,1699383782,no
10119,153,3,22,regular,,1699383782,no
10120,153,3,25,regular,,1699383782,no
10121,153,3,57,regular,,1699383782,no
10122,153,3,58,regular,,1699383782,no
10131,541,4,33,regular,,1699385673,no
10132,541,4,40,regular,,1699385673,no
10162,1246,4,30,regular,2023-11-07,1699388184,no
10163,1246,4,36,regular,2023-11-07,1699388184,no
10164,1246,4,39,regular,2023-11-07,1699388184,no
10165,1246,4,43,regular,2023-11-07,1699388184,no
10166,1246,4,45,regular,2023-11-07,1699388184,no
10167,1246,4,46,regular,2023-11-07,1699388184,no
10168,1246,4,47,regular,2023-11-07,1699388184,no
10169,1246,4,48,regular,2023-11-07,1699388184,no
10170,1250,3,5,regular,,1699388718,no
10171,1250,3,9,regular,,1699388718,no
10172,1250,3,10,regular,,1699388718,no
10173,1250,3,11,regular,,1699388718,no
10174,1250,3,15,regular,,1699388718,no
10191,1245,4,30,regular,2023-11-21,1699389425,no
10192,1245,4,36,regular,2023-11-16,1699389425,no
10193,1245,4,39,regular,2023-11-27,1699389425,no
10194,1245,4,43,regular,2023-11-17,1699389425,no
10195,1245,4,45,regular,2023-11-23,1699389425,no
10196,1245,4,46,regular,2023-11-29,1699389425,no
10197,1245,4,47,regular,2023-11-22,1699389425,no
10198,1245,4,48,regular,2023-11-28,1699389425,no
10199,1161,4,36,libre,,1699390732,no
10200,1161,4,43,libre,,1699390732,no
10201,1161,4,45,regular,,1699390732,no
10202,1161,4,48,regular,,1699390732,no
10227,1145,3,15,regular,,1699391599,no
10228,1145,3,3,regular,,1699391599,no
10229,1145,3,6,regular,,1699391599,no
10230,1145,3,8,regular,,1699391599,no
10231,1145,3,13,regular,,1699391599,no
10232,1145,3,18,regular,,1699391599,no
10233,1145,3,22,regular,,1699391599,no
10234,1145,3,23,regular,,1699391599,no
10235,1145,3,25,regular,,1699391599,no
10236,1145,3,57,regular,,1699391599,no
10237,1145,3,58,regular,,1699391599,no
10238,1145,3,59,regular,,1699391599,no
10251,1244,4,30,regular,,1699393629,no
10252,1244,4,36,regular,,1699393629,no
10253,1244,4,39,regular,,1699393629,no
10254,1244,4,43,regular,,1699393629,no
10255,1244,4,45,regular,,1699393629,no
10256,1244,4,46,regular,,1699393629,no
10257,1244,4,47,regular,,1699393629,no
10258,1244,4,48,regular,,1699393629,no
10267,1243,4,30,regular,,1699393996,no
10268,1243,4,36,regular,,1699393996,no
10269,1243,4,39,regular,,1699393996,no
10270,1243,4,43,regular,,1699393996,no
10271,1243,4,45,regular,,1699393996,no
10272,1243,4,46,regular,,1699393996,no
10273,1243,4,47,regular,,1699393996,no
10274,1243,4,48,regular,,1699393997,no
10283,1194,3,5,regular,,1699395372,no
10284,1194,3,9,regular,,1699395372,no
10285,1194,3,10,regular,,1699395372,no
10286,1194,3,11,regular,,1699395372,no
10287,1194,3,15,regular,,1699395372,no
10288,1194,3,17,libre,,1699395372,no
10289,1194,3,24,regular,,1699395372,no
10290,1194,3,28,regular,,1699395372,no
10291,1167,4,39,libre,,1699395744,no
10292,1167,4,43,regular,,1699395744,no
10293,1167,4,45,regular,,1699395744,no
10294,1167,4,47,regular,,1699395744,no
10295,1167,4,48,regular,,1699395744,no
10296,1167,4,31,regular,,1699395744,no
10297,1167,4,37,libre,,1699395744,no
10322,1215,3,5,regular,,1699398437,no
10323,1215,3,9,regular,,1699398437,no
10324,1215,3,10,regular,,1699398437,no
10325,1215,3,11,regular,,1699398437,no
10326,1215,3,15,regular,,1699398437,no
10327,1215,3,17,regular,,1699398437,no
10328,1215,3,28,regular,,1699398437,no
10329,1233,4,30,regular,,1699400679,no
10330,1233,4,36,regular,,1699400679,no
10331,1233,4,39,regular,,1699400679,no
10332,1233,4,43,regular,,1699400679,no
10333,1233,4,45,regular,,1699400679,no
10334,1233,4,46,regular,,1699400679,no
10335,1233,4,47,regular,,1699400679,no
10336,1233,4,48,regular,,1699400679,no
10342,1191,3,5,regular,,1699402960,no
10343,1191,3,9,regular,,1699402960,no
10344,1191,3,10,regular,,1699402960,no
10345,1191,3,11,regular,,1699402960,no
10346,1191,3,15,regular,,1699402960,no
10347,1191,3,17,regular,,1699402960,no
10348,1191,3,24,regular,,1699402960,no
10349,1191,3,28,regular,,1699402960,no
10350,88,4,55,regular,,1699403833,no
10351,1183,3,5,regular,,1699404067,no
10352,1183,3,11,regular,,1699404067,no
10353,1183,3,15,regular,,1699404067,no
10354,1183,3,17,regular,,1699404067,no
10355,1183,3,24,regular,,1699404067,no
10356,1183,3,28,regular,,1699404067,no
10439,83,4,55,regular,2023-10-16,1699448877,no
10478,1164,3,15,libre,,1699451109,no
10479,1164,3,3,regular,,1699451109,no
10480,1164,3,6,regular,,1699451109,no
10481,1164,3,8,regular,,1699451109,no
10482,1164,3,13,regular,,1699451109,no
10483,1164,3,18,regular,,1699451109,no
10484,1164,3,22,regular,,1699451109,no
10485,1164,3,23,regular,,1699451109,no
10486,1164,3,25,regular,,1699451109,no
10487,1164,3,57,regular,,1699451109,no
10488,1164,3,58,regular,,1699451109,no
10489,1164,3,59,regular,,1699451109,no
10509,1133,3,15,regular,,1699453806,no
10510,1133,3,3,regular,,1699453807,no
10511,1133,3,6,regular,,1699453807,no
10512,1133,3,8,regular,,1699453807,no
10513,1133,3,13,regular,,1699453807,no
10514,1133,3,18,regular,,1699453807,no
10515,1133,3,22,regular,,1699453807,no
10516,1133,3,23,regular,,1699453807,no
10517,1133,3,25,regular,,1699453807,no
10518,1133,3,57,regular,,1699453807,no
10519,1133,3,58,regular,,1699453807,no
10520,1133,3,59,regular,,1699453807,no
10533,1238,4,30,regular,2023-10-18,1699464412,no
10534,1238,4,36,libre,,1699464412,no
10535,1238,4,39,regular,2023-10-23,1699464412,no
10536,1238,4,43,regular,2023-10-20,1699464412,no
10537,1238,4,45,regular,2023-10-27,1699464412,no
10538,1238,4,46,regular,2023-10-25,1699464412,no
10539,1238,4,47,regular,2023-10-24,1699464412,no
10540,1238,4,48,regular,2023-10-31,1699464412,no
10562,1213,3,9,regular,,1699472113,no
10563,1213,3,10,regular,,1699472113,no
10564,1213,3,11,regular,,1699472113,no
10565,1213,3,15,regular,,1699472113,no
10591,1248,4,30,regular,,1699479577,no
10592,1248,4,36,regular,,1699479577,no
10593,1248,4,39,regular,,1699479577,no
10594,1248,4,43,regular,,1699479577,no
10595,1248,4,45,regular,,1699479577,no
10596,1248,4,46,regular,,1699479577,no
10597,1248,4,47,regular,,1699479577,no
10598,1248,4,48,regular,,1699479577,no
10599,1180,4,36,libre,,1699480392,no
10600,1180,4,43,libre,,1699480392,no
10601,1180,4,45,libre,,1699480392,no
10602,1180,4,29,libre,,1699480392,no
10603,1180,4,31,libre,,1699480392,no
10604,1180,4,34,libre,,1699480392,no
10605,1180,4,38,libre,,1699480392,no
10606,1180,4,41,libre,,1699480392,no
10607,1180,4,49,libre,,1699480392,no
10611,1262,4,30,regular,2023-10-18,1699482214,no
10612,1262,4,39,regular,2023-10-23,1699482214,no
10613,1262,4,47,regular,2023-11-07,1699482214,no
10614,1059,4,55,regular,,1699482306,no
10615,1230,4,30,regular,,1699482594,no
10616,1230,4,36,regular,,1699482594,no
10617,1230,4,39,regular,,1699482594,no
10618,1230,4,43,regular,,1699482594,no
10619,1230,4,45,regular,,1699482594,no
10620,1230,4,46,regular,,1699482594,no
10621,1230,4,48,regular,,1699482594,no
10632,1261,4,30,regular,,1699482858,no
10633,1261,4,39,regular,,1699482858,no
10634,1261,4,45,regular,,1699482858,no
10635,1261,4,46,regular,,1699482858,no
10636,1261,4,48,regular,,1699482858,no
10661,535,3,18,libre,,1699486097,no
10662,535,3,14,libre,,1699486097,no
10663,535,3,27,libre,,1699486097,no
10664,986,4,32,regular,,1699486960,no
10665,986,4,33,regular,,1699486960,no
10666,986,4,35,regular,,1699486960,no
10667,986,4,40,regular,,1699486960,no
10668,986,4,42,regular,,1699486960,no
10669,986,4,50,regular,,1699486960,no
10670,986,4,54,regular,,1699486960,no
10671,986,4,55,regular,,1699486960,no
10672,986,4,56,regular,,1699486960,no
10749,1207,3,5,regular,,1699492405,no
10750,1207,3,9,regular,,1699492405,no
10751,1207,3,10,regular,,1699492405,no
10752,1207,3,11,regular,,1699492405,no
10753,1207,3,15,regular,,1699492405,no
10754,1207,3,17,libre,,1699492405,no
10755,1207,3,24,regular,,1699492405,no
10756,1207,3,28,libre,,1699492405,no
10777,1203,3,5,regular,2023-11-22,1699500116,no
10778,1203,3,9,regular,2023-11-27,1699500116,no
10779,1203,3,10,regular,2023-11-24,1699500116,no
10780,1203,3,11,regular,2023-11-23,1699500116,no
10781,1203,3,15,regular,2023-11-16,1699500116,no
10782,1203,3,17,regular,2023-11-17,1699500116,no
10783,1203,3,24,regular,2023-11-21,1699500116,no
10784,1203,3,28,regular,2023-11-28,1699500116,no
10817,225,3,18,libre,,1699524713,no
10871,334,3,8,regular,,1699543569,no
10872,334,3,14,regular,,1699543569,no
10892,916,4,44,regular,,1699547811,no
10893,916,4,32,regular,,1699547811,no
10894,916,4,33,regular,,1699547811,no
10895,916,4,35,regular,,1699547811,no
10896,916,4,40,regular,,1699547811,no
10897,916,4,42,regular,,1699547811,no
10898,916,4,50,regular,,1699547811,no
10899,916,4,54,regular,,1699547811,no
10900,916,4,55,regular,,1699547811,no
10901,916,4,56,regular,,1699547811,no
10930,1219,3,5,libre,,1699549325,no
10931,1219,3,9,libre,,1699549325,no
10932,1219,3,10,libre,,1699549325,no
10933,1219,3,11,regular,,1699549325,no
10934,1219,3,15,regular,,1699549325,no
10935,1219,3,17,libre,,1699549325,no
10936,1219,3,28,libre,,1699549325,no
10967,1048,3,15,regular,2021-11-09,1699558445,no
11004,1265,3,5,regular,,1699573151,no
11005,1265,3,9,regular,,1699573151,no
11006,1265,3,10,regular,,1699573151,no
11007,1265,3,11,regular,,1699573151,no
11008,1265,3,15,regular,,1699573151,no
11009,1265,3,17,regular,,1699573151,no
11010,1265,3,24,regular,,1699573151,no
11011,1265,3,28,regular,,1699573151,no
11015,1185,3,9,libre,,1699574772,no
11016,1185,3,10,libre,,1699574772,no
11017,1185,3,11,regular,,1699574772,no
11018,1185,3,15,regular,,1699574772,no
11019,1224,3,5,regular,,1699575182,no
11020,1224,3,9,regular,,1699575182,no
11021,1224,3,10,regular,,1699575182,no
11022,1224,3,11,regular,,1699575182,no
11023,1224,3,15,regular,,1699575182,no
11024,1224,3,24,regular,,1699575182,no
11025,1223,3,5,regular,2023-11-22,1699575980,no
11026,1223,3,11,regular,,1699575980,no
11027,1223,3,15,regular,2023-11-16,1699575980,no
11028,429,3,15,libre,,1699576043,no
11029,429,3,25,regular,,1699576043,no
11030,382,3,15,libre,,1699576798,no
11037,1165,3,3,regular,,1699577129,no
11038,1165,3,6,regular,,1699577129,no
11039,1165,3,8,regular,,1699577129,no
11040,1165,3,13,regular,,1699577129,no
11041,1165,3,18,regular,,1699577129,no
11042,1165,3,22,regular,,1699577129,no
11043,1165,3,23,regular,,1699577130,no
11044,1165,3,25,regular,,1699577130,no
11045,1165,3,57,regular,,1699577130,no
11046,1165,3,58,regular,,1699577130,no
11047,1165,3,59,regular,,1699577130,no
11048,948,3,15,regular,,1699579344,no
11049,948,3,18,regular,,1699579344,no
11050,948,3,12,regular,,1699579344,no
11051,948,3,16,regular,,1699579344,no
11052,948,3,26,regular,,1699579344,no
11053,948,3,27,regular,,1699579344,no
11078,378,4,37,regular,,1699600860,no
11079,378,4,44,regular,,1699600860,no
11080,378,4,32,regular,,1699600860,no
11081,378,4,33,regular,,1699600860,no
11082,378,4,35,regular,,1699600860,no
11083,378,4,40,regular,,1699600860,no
11084,378,4,42,regular,,1699600860,no
11085,378,4,55,regular,,1699600860,no
11093,331,3,8,regular,,1707308802,no
11094,331,3,18,regular,,1707308802,no
11095,331,3,12,regular,,1707308802,no
11096,331,3,16,regular,,1707308802,no
11103,295,3,17,libre,,1707310391,no
11104,295,3,6,regular,,1707310391,no
11105,295,3,22,libre,,1707310391,no
11110,1052,3,28,regular,,1707310759,no
11111,1052,3,18,regular,,1707310759,no
11112,1157,3,28,libre,2024-02-07,1707310783,no
11118,1266,3,5,regular,,1707311851,no
11119,1266,3,9,regular,,1707311851,no
11120,1266,3,10,regular,,1707311851,no
11121,1266,3,11,regular,,1707311851,no
11122,1266,3,15,regular,,1707311851,no
11123,1266,3,17,regular,,1707311851,no
11127,1236,3,17,libre,,1707311931,no
11128,1236,3,28,libre,,1707311931,no
11131,1154,3,17,libre,,1707312255,no
11132,1154,3,28,libre,,1707312255,no
11133,1154,3,3,libre,,1707312255,no
11134,1154,3,8,libre,,1707312255,no
11135,1154,3,18,libre,,1707312255,no
11136,1154,3,22,libre,,1707312255,no
11137,1190,3,11,libre,,1707312704,no
11138,1190,3,17,libre,,1707312704,no
11139,1190,3,28,libre,,1707312704,no
11140,1251,3,5,regular,,1707312932,no
11141,1251,3,15,regular,,1707312932,no
11142,1251,3,17,regular,,1707312932,no
11143,1251,3,24,regular,,1707312932,no
11144,1251,3,28,regular,,1707312932,no
11149,1193,3,9,regular,,1707314049,no
11150,1193,3,10,regular,,1707314049,no
11151,1193,3,17,regular,,1707314049,no
11152,1193,3,24,regular,,1707314049,no
11159,1202,3,5,libre,,1707314383,no
11160,1202,3,10,regular,,1707314383,no
11161,1202,3,17,libre,,1707314383,no
11162,1202,3,28,libre,,1707314383,no
11163,130,4,33,libre,,1707314669,no
11164,130,4,50,regular,,1707314669,no
11168,1181,3,9,regular,,1707316267,no
11169,1181,3,10,regular,,1707316267,no
11170,1181,3,15,regular,,1707316267,no
11171,1173,4,37,libre,,1707316739,no
11172,1173,4,41,regular,,1707316739,no
11173,1173,4,44,libre,,1707316739,no
11174,1173,4,40,regular,,1707316739,no
11175,1173,4,56,regular,,1707316739,no
11177,1216,3,28,regular,,1707318718,no
11179,1252,3,17,libre,,1707320242,no
11180,1205,3,28,regular,,1707321764,no
11181,1162,3,11,regular,,1707321789,no
11182,1162,3,17,libre,,1707321789,no
11183,1111,3,9,libre,,1707322629,no
11184,1111,3,10,libre,,1707322629,no
11185,1111,3,15,regular,2022-10-27,1707322629,no
11186,1111,3,28,libre,,1707322629,no
11198,1226,4,39,regular,,1707325017,no
11199,1226,4,47,regular,,1707325017,no
11216,1234,4,39,libre,,1707327304,no
11217,1234,4,45,regular,,1707327304,no
11218,289,4,33,regular,2022-12-08,1707328310,no
11219,1237,3,17,libre,,1707329567,no
11220,1258,4,48,regular,2024-02-07,1707331671,no
11221,414,3,24,regular,,1707337543,no
11222,414,3,22,regular,,1707337543,no
11223,414,3,25,regular,,1707337543,no
11224,414,3,12,regular,,1707337543,no
11225,414,3,14,regular,,1707337543,no
11226,414,3,27,regular,,1707337543,no
11227,1242,4,30,regular,,1707337748,no
11228,1242,4,36,regular,,1707337748,no
11229,1242,4,39,regular,,1707337748,no
11230,1242,4,43,regular,,1707337748,no
11231,1242,4,45,regular,,1707337748,no
11232,1242,4,46,regular,,1707337748,no
11233,1242,4,47,regular,,1707337748,no
11234,1242,4,48,regular,,1707337748,no
11238,152,4,37,regular,,1707339038,no
11239,152,4,33,regular,,1707339038,no
11240,152,4,40,regular,,1707339038,no
11247,999,4,30,regular,2023-12-11,1707341883,no
11248,999,4,45,regular,2023-12-12,1707341883,no
11260,505,3,18,libre,,1707346046,no
11261,505,3,14,libre,,1707346046,no
11262,505,3,27,libre,,1707346046,no
11263,361,3,18,libre,2024-02-07,1707346068,no
11264,361,3,2,libre,2024-02-07,1707346068,no
11265,361,3,14,libre,2024-02-07,1707346068,no
11266,361,3,27,libre,2024-02-07,1707346068,no
11269,1174,4,43,libre,,1707348248,no
11270,1174,4,47,regular,,1707348248,no
11271,1174,4,38,regular,,1707348248,no
11272,1174,4,44,libre,,1707348248,no
11273,1259,3,24,regular,,1707348840,no
11274,1259,3,28,libre,,1707348840,no
11275,1098,3,15,regular,2024-02-07,1707351353,no
11276,1098,3,3,libre,,1707351353,no
11282,1172,4,29,regular,,1707351681,no
11283,1172,4,31,regular,,1707351681,no
11284,1172,4,38,regular,,1707351681,no
11285,1172,4,41,regular,,1707351681,no
11286,1172,4,44,regular,,1707351681,no
11287,1155,3,9,libre,,1707352750,no
11288,1155,3,15,regular,,1707352750,no
11289,1155,3,6,libre,,1707352750,no
11290,1155,3,18,regular,,1707352750,no
11291,1110,3,15,regular,2022-10-16,1707353306,no
11304,910,3,3,libre,,1707355723,no
11311,1220,3,17,libre,2024-03-15,1707355922,no
11312,1220,3,28,regular,2024-03-05,1707355922,no
11314,850,4,55,regular,,1707356122,no
11315,1249,3,5,libre,,1707356434,no
11316,1249,3,17,libre,,1707356434,no
11317,1249,3,28,libre,,1707356434,no
11318,908,3,9,libre,,1707357600,no
11319,908,3,3,libre,,1707357600,no
11320,908,3,8,libre,,1707357600,no
11321,150,4,33,libre,,1707357744,no
11322,150,4,55,regular,,1707357744,no
11323,264,4,34,libre,,1707380392,no
11324,264,4,37,libre,,1707380392,no
11325,264,4,33,libre,,1707380392,no
11326,264,4,40,libre,,1707380392,no
11327,264,4,55,libre,,1707380392,no
11328,1158,3,3,regular,,1707388529,no
11329,1158,3,22,regular,,1707388529,no
11330,944,3,3,libre,,1707392786,no
11331,944,3,6,libre,,1707392786,no
11332,944,3,26,libre,,1707392786,no
11333,944,3,27,libre,,1707392786,no
11334,1176,4,36,regular,,1707393702,no
11335,1176,4,39,regular,,1707393702,no
11336,1176,4,43,libre,,1707393702,no
11337,1176,4,45,regular,,1707393702,no
11338,1176,4,29,libre,,1707393702,no
11339,1176,4,31,regular,,1707393702,no
11340,1176,4,34,libre,,1707393702,no
11341,1176,4,38,regular,,1707393702,no
11342,1176,4,41,libre,,1707393702,no
11343,1176,4,44,libre,,1707393702,no
11344,1176,4,49,regular,,1707393702,no
11351,255,4,33,libre,,1707395414,no
11352,255,4,40,regular,,1707395414,no
11353,255,4,55,regular,,1707395415,no
11354,1235,4,30,regular,,1707396002,no
11355,1235,4,39,libre,,1707396002,no
11356,1235,4,43,libre,,1707396002,no
11357,1235,4,45,regular,,1707396002,no
11365,1184,3,5,libre,,1707400030,no
11366,1184,3,18,libre,,1707400030,no
11367,1184,3,22,libre,,1707400030,no
11371,929,4,43,regular,,1707402763,no
11372,929,4,29,regular,,1707402763,no
11373,929,4,31,regular,,1707402763,no
11374,929,4,38,regular,,1707402763,no
11375,929,4,41,regular,,1707402763,no
11376,929,4,35,regular,,1707402763,no
11381,971,3,28,libre,,1707410967,no
11382,971,3,3,libre,,1707410967,no
11383,971,3,27,libre,,1707410967,no
11384,973,4,43,regular,,1707417259,no
11385,973,4,41,regular,,1707417259,no
11386,973,4,32,regular,,1707417259,no
11387,973,4,35,regular,,1707417259,no
11388,973,4,42,regular,,1707417259,no
11389,973,4,56,regular,,1707417259,no
11390,1014,3,15,libre,,1707419249,no
11391,1014,3,24,regular,,1707419249,no
11392,1014,3,3,libre,,1707419249,no
11393,1014,3,6,libre,,1707419249,no
11394,1014,3,8,libre,,1707419249,no
11395,1014,3,18,libre,,1707419249,no
11396,1014,3,22,regular,,1707419249,no
11397,1014,3,7,libre,,1707419249,no
11398,1014,3,14,libre,,1707419249,no
11399,1014,3,27,regular,,1707419249,no
11419,1149,3,10,libre,,1707419368,no
11420,1149,3,15,regular,,1707419368,no
11421,1149,3,28,libre,,1707419368,no
11422,1149,3,3,libre,,1707419368,no
11423,1149,3,6,libre,,1707419368,no
11424,1149,3,8,libre,,1707419368,no
11425,1149,3,18,libre,,1707419368,no
11426,1149,3,25,regular,,1707419368,no
11427,118,3,6,libre,,1707425518,no
11428,118,3,4,libre,,1707425518,no
11429,118,3,7,libre,,1707425518,no
11430,434,4,30,regular,,1707428075,no
11431,434,4,39,regular,,1707428075,no
11432,434,4,46,regular,,1707428075,no
11433,434,4,47,regular,,1707428075,no
11434,434,4,48,regular,,1707428075,no
11435,1221,3,5,regular,,1707428748,no
11436,1221,3,9,regular,,1707428748,no
11437,1221,3,10,regular,,1707428748,no
11438,1221,3,11,regular,,1707428748,no
11439,1221,3,15,regular,,1707428748,no
11440,1221,3,17,regular,,1707428748,no
11441,1221,3,24,regular,,1707428748,no
11442,1221,3,28,regular,,1707428748,no
11452,1263,4,36,regular,2024-02-08,1707429017,no
11453,1263,4,45,regular,2024-02-08,1707429017,no
11454,1263,4,48,regular,2024-02-08,1707429017,no
11455,214,4,33,libre,,1707431361,no
11456,214,4,55,libre,,1707431361,no
11457,82,4,33,libre,,1707431370,no
11458,377,4,41,regular,,1707437092,no
11459,377,4,44,regular,,1707437092,no
11460,377,4,50,regular,,1707437092,no
11461,377,4,55,regular,,1707437092,no
11465,353,3,3,libre,,1707440723,no
11466,353,3,6,libre,,1707440723,no
11467,1139,3,17,libre,,1707446484,no
11468,1139,3,28,libre,,1707446484,no
11469,1139,3,3,libre,,1707446484,no
11470,1139,3,18,libre,,1707446484,no
11471,1139,3,22,libre,,1707446484,no
11472,346,4,38,libre,,1707448003,no
11473,346,4,33,libre,,1707448003,no
11474,1217,3,5,regular,,1707477154,no
11475,1217,3,17,regular,,1707477154,no
11476,1217,3,28,regular,,1707477154,no
11477,1255,3,15,regular,,1707481619,no
11484,294,3,6,libre,,1707485290,no
11485,294,3,18,libre,,1707485290,no
11486,294,3,4,regular,2023-11-01,1707485290,no
11487,294,3,7,libre,,1707485290,no
11488,294,3,14,regular,2023-11-10,1707485290,no
11489,294,3,27,libre,,1707485290,no
11490,911,4,32,regular,,1707492978,no
11491,911,4,35,regular,,1707492978,no
11492,911,4,54,regular,,1707492978,no
11493,242,3,17,libre,,1707496423,no
11494,242,3,28,libre,,1707496423,no
11506,1254,4,30,libre,2024-02-09,1707497611,no
11507,1254,4,43,regular,2024-02-09,1707497611,no
11508,1254,4,48,regular,2024-02-09,1707497611,no
11514,1222,3,5,regular,,1707508180,no
11515,1222,3,9,regular,,1707508180,no
11516,1222,3,17,regular,,1707508180,no
11517,1222,3,24,regular,,1707508180,no
11518,1222,3,28,libre,,1707508180,no
11519,1163,3,3,libre,,1707508349,no
11520,1211,3,5,regular,,1707508909,no
11521,1211,3,9,regular,,1707508909,no
11522,1211,3,10,regular,,1707508909,no
11523,1211,3,11,regular,,1707508909,no
11524,1211,3,15,regular,,1707508909,no
11525,1211,3,17,libre,,1707508909,no
11526,1211,3,24,regular,,1707508909,no
11527,1211,3,28,regular,,1707508909,no
11528,1208,3,17,libre,,1707511511,no
11529,1208,3,28,regular,,1707511511,no
11530,1218,3,10,libre,,1707511717,no
11531,1218,3,28,libre,,1707511717,no
11574,1062,4,32,regular,,1707516826,no
11575,1062,4,35,regular,,1707516826,no
11576,1062,4,40,libre,,1707516826,no
11577,1062,4,56,libre,,1707516826,no
11590,1209,3,5,regular,,1707517280,no
11591,1209,3,11,regular,,1707517280,no
11592,1209,3,17,regular,,1707517280,no
11593,1209,3,28,regular,,1707517280,no
11598,1256,3,15,libre,2024-02-09,1707518475,no
11601,388,4,32,regular,,1707521433,no
11602,388,4,33,libre,,1707521433,no
11603,373,4,43,libre,,1707521917,no
11604,373,4,37,libre,,1707521917,no
11606,1198,3,28,libre,,1707524218,no
11607,1239,3,5,libre,,1707527368,no
11608,1239,3,11,libre,,1707527368,no
11609,1239,3,17,libre,,1707527368,no
11610,1239,3,28,libre,,1707527368,no
11611,1166,4,29,libre,,1707528071,no
11612,1166,4,31,libre,,1707528071,no
11613,1166,4,34,libre,,1707528071,no
11614,1166,4,38,libre,,1707528071,no
11615,1166,4,41,libre,,1707528071,no
11616,1166,4,44,libre,,1707528071,no
11617,1166,4,49,regular,,1707528071,no
11622,1228,4,30,regular,,1707528615,no
11623,1228,4,47,regular,,1707528615,no
11626,356,4,33,libre,,1707531353,no
11636,1264,3,11,regular,,1707534796,no
11637,1264,3,17,regular,,1707534796,no
11638,1264,3,28,regular,,1707534796,no
11639,403,4,44,libre,,1707573311,no
11640,403,4,35,libre,,1707573311,no
11641,403,4,42,libre,,1707573311,no
11642,1189,3,9,regular,,1707575962,no
11643,1189,3,10,regular,,1707575962,no
11644,1189,3,24,regular,,1707575962,no
11645,1169,4,29,regular,,1707662473,no
11646,1169,4,31,regular,,1707662473,no
11647,1169,4,34,regular,,1707662473,no
11648,1169,4,38,regular,,1707662473,no
11649,1169,4,41,regular,,1707662473,no
11650,1188,3,17,libre,,1707701042,no
11651,1188,3,28,libre,,1707701042,no
11652,261,4,38,libre,2024-02-09,1707738642,no
11653,261,4,33,libre,2024-02-09,1707738642,no
11654,261,4,40,libre,2024-02-09,1707738642,no
11663,1079,3,5,libre,,1707768660,no
11664,1079,3,17,libre,,1707768660,no
11665,1079,3,28,libre,,1707768660,no
11666,1079,3,3,libre,,1707768660,no
11667,1079,3,6,libre,,1707768660,no
11668,1079,3,8,regular,,1707768660,no
11669,1079,3,18,regular,,1707768660,no
11670,1079,3,22,regular,,1707768660,no
11671,1120,3,28,libre,,1707780488,no
11672,518,4,33,libre,,1707871227,no
11673,1041,4,47,regular,,1714512282,no
11674,1041,4,48,regular,,1714512282,no
